raw_id;event_date;start_time;end_time;rest_time;mcu;event_number;group;irrigation_number;mude;ec_instruction;ec_measured;ph_instruction;ph_measured;duration_text;volume_applied;drainage_volume;drainage_pct;drain_ec_measured;drain_ph_measured;source_file;loaded_at
1;01/01/2025;10:20;10:35;;1.0;1.0;ESTUFA GRA.;1.0;Hora Fixa;2.9;3.0;8.0;4.9;00h15m13s;13000.0;;;;;raw_irrigation_event.csv;
3;02/01/2025;10:20;10:35;+1d 00:00;1.0;1.0;ESTUFA GRA.;1.0;Hora Fixa;2.9;3.0;8.0;5.0;00h15m13s;13000.0;;;;;raw_irrigation_event.csv;
6;04/01/2025;09:23;09:41;+1d 23:03;1.0;1.0;ESTUFA GRA.;1.0;Hora Fixa;2.9;2.9;8.0;5.4;00h17m29s;16400.0;;;;;raw_irrigation_event.csv;
9;06/01/2025;09:23;09:40;+2d 00:00;1.0;1.0;ESTUFA GRA.;1.0;Hora Fixa;2.9;3.0;8.0;5.4;00h17m16s;16000.0;;;;;raw_irrigation_event.csv;
11;07/01/2025;09:23;09:40;+1d 00:00;1.0;1.0;ESTUFA GRA.;1.0;Hora Fixa;2.9;2.9;8.0;5.5;00h17m12s;16100.0;;;;;raw_irrigation_event.csv;
14;09/01/2025;09:40;09:54;+2d 00:17;1.0;1.0;ESTUFA GRA.;1.0;Hora Fixa;2.9;3.0;8.0;5.7;00h14m09s;13100.0;;;;;raw_irrigation_event.csv;
18;12/01/2025;09:31;09:45;+2d 23:51;1.0;1.0;ESTUFA GRA.;1.0;Hora Fixa;2.9;2.9;8.0;5.7;00h13m54s;13200.0;;;;;raw_irrigation_event.csv;
20;13/01/2025;09:31;09:45;+1d 00:00;1.0;1.0;ESTUFA GRA.;1.0;Hora Fixa;2.9;2.9;8.0;5.7;00h13m54s;12700.0;;;;;raw_irrigation_event.csv;
22;14/01/2025;08:25;08:42;22:54;1.0;1.0;ESTUFA GRA.;1.0;Hora Fixa;2.9;2.9;8.0;5.7;00h17m12s;15800.0;;;;;raw_irrigation_event.csv;
24;15/01/2025;08:25;08:44;+1d 00:00;1.0;1.0;ESTUFA GRA.;1.0;Hora Fixa;2.9;2.9;8.0;5.7;00h19m24s;17900.0;;;;;raw_irrigation_event.csv;
26;16/01/2025;08:25;08:44;+1d 00:00;1.0;1.0;ESTUFA GRA.;1.0;Hora Fixa;2.9;2.9;8.0;5.7;00h19m24s;18300.0;;;;;raw_irrigation_event.csv;
28;17/01/2025;09:35;09:49;+1d 01:10;1.0;1.0;ESTUFA GRA.;1.0;Hora Fixa;2.9;2.9;8.0;5.6;00h13m54s;13000.0;;;;;raw_irrigation_event.csv;
30;18/01/2025;09:33;09:49;23:58;1.0;1.0;ESTUFA GRA.;1.0;Hora Fixa;2.9;3.0;8.0;5.7;00h16m06s;14800.0;;;;;raw_irrigation_event.csv;
34;21/01/2025;09:42;10:00;+3d 00:09;1.0;1.0;ESTUFA GRA.;1.0;Hora Fixa;2.9;2.9;8.0;5.9;00h18m18s;17100.0;;;;;raw_irrigation_event.csv;
37;23/01/2025;09:34;09:53;+1d 23:52;1.0;1.0;ESTUFA GRA.;1.0;Hora Fixa;2.9;3.0;8.0;5.9;00h19m37s;17000.0;;;;;raw_irrigation_event.csv;
40;25/01/2025;09:36;09:56;+2d 00:02;1.0;1.0;ESTUFA GRA.;1.0;Hora Fixa;2.9;3.0;8.0;5.9;00h20m30s;19300.0;;;;;raw_irrigation_event.csv;
44;28/01/2025;09:51;10:11;+3d 00:15;1.0;1.0;ESTUFA GRA.;1.0;Hora Fixa;2.9;3.0;8.0;5.9;00h20m30s;19100.0;;;;;raw_irrigation_event.csv;
47;30/01/2025;09:49;10:13;+1d 23:58;1.0;1.0;ESTUFA GRA.;1.0;Hora Fixa;2.9;2.9;8.0;6.0;00h24m01s;20900.0;;;;;raw_irrigation_event.csv;
49;31/01/2025;11:46;12:09;+1d 01:57;1.0;1.0;ESTUFA GRA.;1.0;Hora Fixa;2.9;3.0;8.0;5.9;00h22m42s;21200.0;;;;;raw_irrigation_event.csv;
53;03/02/2025;10:16;10:39;+2d 22:30;1.0;1.0;ESTUFA GRA.;1.0;Hora Fixa;2.9;3.0;8.0;5.9;00h22m42s;21200.0;;;;;raw_irrigation_event.csv;
55;04/02/2025;08:42;08:57;22:26;1.0;1.0;ESTUFA GRA.;1.0;Hora Fixa;2.9;2.9;8.0;5.9;00h15m13s;12500.0;;;;;raw_irrigation_event.csv;
57;05/02/2025;10:39;10:55;+1d 01:57;1.0;1.0;ESTUFA GRA.;1.0;Hora Fixa;2.9;3.0;8.0;5.9;00h15m13s;12800.0;;;;;raw_irrigation_event.csv;
59;06/02/2025;08:42;08:57;22:03;1.0;1.0;ESTUFA GRA.;1.0;Hora Fixa;2.8;2.8;8.0;5.9;00h15m13s;12800.0;;;;;raw_irrigation_event.csv;
62;08/02/2025;08:45;09:01;+2d 00:03;1.0;1.0;ESTUFA GRA.;1.0;Hora Fixa;2.8;2.8;8.0;5.9;00h16m06s;15100.0;;;;;raw_irrigation_event.csv;
65;10/02/2025;08:18;08:36;+1d 23:33;1.0;1.0;ESTUFA GRA.;1.0;Hora Fixa;2.8;2.8;8.0;5.9;00h18m18s;17100.0;;;;;raw_irrigation_event.csv;
68;12/02/2025;08:18;08:36;+2d 00:00;1.0;1.0;ESTUFA GRA.;1.0;Hora Fixa;2.8;2.8;8.0;5.8;00h18m18s;17000.0;;;;;raw_irrigation_event.csv;
70;13/02/2025;10:59;11:14;+1d 02:41;1.0;1.0;ESTUFA GRA.;1.0;Hora Fixa;2.8;2.8;8.0;5.8;00h15m13s;12900.0;;;;;raw_irrigation_event.csv;
72;14/02/2025;09:26;09:41;22:27;1.0;1.0;ESTUFA GRA.;1.0;Hora Fixa;2.8;2.8;8.0;5.7;00h15m13s;12700.0;;;;;raw_irrigation_event.csv;
74;15/02/2025;09:20;09:35;23:54;1.0;1.0;ESTUFA GRA.;1.0;Hora Fixa;2.8;2.8;8.0;5.7;00h15m13s;12900.0;;;;;raw_irrigation_event.csv;
76;16/02/2025;09:20;09:35;+1d 00:00;1.0;1.0;ESTUFA GRA.;1.0;Hora Fixa;2.8;2.8;8.0;5.8;00h15m13s;12900.0;;;;;raw_irrigation_event.csv;
78;17/02/2025;09:24;09:32;+1d 00:04;1.0;1.0;ESTUFA GRA.;1.0;Hora Fixa;2.8;2.9;8.0;5.7;00h07m15s;3300.0;;;;;raw_irrigation_event.csv;
79;17/02/2025;09:36;09:49;00:12;1.0;1.0;ESTUFA GRA.;2.0;Manual;2.8;2.8;8.0;5.8;00h12m27s;10600.0;;;;;raw_irrigation_event.csv;
115;24/03/2025;16:15;16:24;+35d 06:39;1.0;1.0;ESTUFA GRA.;1.0;Hora Fixa;;1.0;9.0;4.3;00h08m42s;3400.0;;;;;raw_irrigation_event.csv;
116;24/03/2025;16:25;17:04;00:10;1.0;1.0;ESTUFA GRA.;2.0;Manual;;;9.0;;00h00m00s;;;;;;raw_irrigation_event.csv;
117;24/03/2025;17:14;17:26;00:49;1.0;1.0;ESTUFA GRA.;3.0;Pontual;1.8;1.8;9.0;5.1;00h12m13s;10900.0;;;;;raw_irrigation_event.csv;
118;24/03/2025;17:47;17:57;00:33;1.0;1.0;ESTUFA GRA.;4.0;Hora Fixa;2.0;1.9;9.0;5.1;00h10m01s;8100.0;;;;;raw_irrigation_event.csv;
119;24/03/2025;18:08;18:16;00:21;1.0;1.0;ESTUFA GRA.;5.0;Hora Fixa;2.0;2.0;9.0;5.3;00h08m42s;8100.0;;;;;raw_irrigation_event.csv;
120;24/03/2025;18:27;18:38;00:19;1.0;1.0;ESTUFA GRA.;6.0;Hora Fixa;2.0;2.0;9.0;5.2;00h10m42s;10200.0;;;;;raw_irrigation_event.csv;
121;24/03/2025;18:49;19:00;00:22;1.0;1.0;ESTUFA GRA.;7.0;Hora Fixa;2.0;2.0;9.0;5.2;00h10m42s;9900.0;;;;;raw_irrigation_event.csv;
123;25/03/2025;06:09;06:18;11:20;1.0;1.0;ESTUFA GRA.;1.0;Hora Fixa;2.0;2.0;8.0;6.3;00h08m42s;8000.0;;;;;raw_irrigation_event.csv;
124;25/03/2025;06:29;06:38;00:20;1.0;1.0;ESTUFA GRA.;2.0;Hora Fixa;2.0;2.0;8.0;6.5;00h08m42s;8100.0;;;;;raw_irrigation_event.csv;
125;25/03/2025;06:49;06:58;00:20;1.0;1.0;ESTUFA GRA.;3.0;Hora Fixa;2.0;2.0;8.0;6.6;00h08m42s;8000.0;;;;;raw_irrigation_event.csv;
126;25/03/2025;07:09;07:18;00:20;1.0;1.0;ESTUFA GRA.;4.0;Hora Fixa;2.0;2.0;8.0;6.6;00h08m42s;8000.0;;;;;raw_irrigation_event.csv;
127;25/03/2025;07:29;07:38;00:20;1.0;1.0;ESTUFA GRA.;5.0;Hora Fixa;2.0;1.9;8.0;6.6;00h08m42s;7900.0;;;;;raw_irrigation_event.csv;
128;25/03/2025;07:48;07:58;00:19;1.0;1.0;ESTUFA GRA.;6.0;Hora Fixa;2.0;1.4;8.0;6.7;00h10m01s;7900.0;;;;;raw_irrigation_event.csv;
138;03/04/2025;16:19;16:28;+9d 08:31;1.0;1.0;ESTUFA GRA.;1.0;Hora Fixa;;1.1;9.0;5.6;00h08m42s;8200.0;;;;;raw_irrigation_event.csv;
140;04/04/2025;15:12;15:20;22:53;1.0;1.0;ESTUFA GRA.;1.0;Hora Fixa;;1.1;9.0;6.1;00h08m42s;8200.0;;;;;raw_irrigation_event.csv;
142;05/04/2025;15:12;15:20;+1d 00:00;1.0;1.0;ESTUFA GRA.;1.0;Hora Fixa;;1.0;9.0;6.3;00h08m42s;8200.0;;;;;raw_irrigation_event.csv;
144;06/04/2025;15:12;15:20;+1d 00:00;1.0;1.0;ESTUFA GRA.;1.0;Hora Fixa;;1.0;9.0;6.6;00h08m42s;8400.0;;;;;raw_irrigation_event.csv;
146;07/04/2025;15:12;15:20;+1d 00:00;1.0;1.0;ESTUFA GRA.;1.0;Hora Fixa;;1.0;9.0;6.5;00h08m42s;8300.0;;;;;raw_irrigation_event.csv;
148;08/04/2025;15:12;15:20;+1d 00:00;1.0;1.0;ESTUFA GRA.;1.0;Hora Fixa;;1.0;9.0;6.7;00h08m42s;8200.0;;;;;raw_irrigation_event.csv;
150;09/04/2025;15:10;15:19;23:58;1.0;1.0;ESTUFA GRA.;1.0;Hora Fixa;;1.0;9.0;7.5;00h08m42s;8300.0;;;;;raw_irrigation_event.csv;
152;10/04/2025;15:18;15:28;+1d 00:08;1.0;1.0;ESTUFA GRA.;1.0;Hora Fixa;2.5;2.6;9.0;4.7;00h10m01s;8400.0;;;;;raw_irrigation_event.csv;
154;11/04/2025;14:38;14:46;23:20;1.0;1.0;ESTUFA GRA.;1.0;Hora Fixa;2.5;2.5;9.0;5.0;00h07m42s;7200.0;;;;;raw_irrigation_event.csv;
155;11/04/2025;15:00;15:07;00:22;1.0;1.0;ESTUFA GRA.;2.0;Hora Fixa;2.5;2.5;9.0;5.0;00h07m42s;7000.0;;;;;raw_irrigation_event.csv;
156;11/04/2025;15:40;15:47;00:40;1.0;1.0;ESTUFA GRA.;3.0;Hora Fixa;2.5;2.5;9.0;5.0;00h07m42s;6700.0;;;;;raw_irrigation_event.csv;
157;11/04/2025;16:10;16:19;00:30;1.0;1.0;ESTUFA GRA.;4.0;Hora Fixa;2.5;2.4;9.0;5.1;00h09m01s;7100.0;;;;;raw_irrigation_event.csv;
158;11/04/2025;16:45;16:52;00:35;1.0;1.0;ESTUFA GRA.;5.0;Hora Fixa;2.5;2.5;9.0;5.0;00h07m42s;7300.0;;;;;raw_irrigation_event.csv;
159;11/04/2025;17:15;17:24;00:30;1.0;1.0;ESTUFA GRA.;6.0;Hora Fixa;2.5;2.4;9.0;5.0;00h09m01s;7400.0;;;;;raw_irrigation_event.csv;
160;11/04/2025;17:45;17:52;00:30;1.0;1.0;ESTUFA GRA.;7.0;Hora Fixa;2.5;2.5;9.0;5.0;00h07m42s;7300.0;;;;;raw_irrigation_event.csv;
161;11/04/2025;18:16;18:28;00:31;1.0;1.0;ESTUFA GRA.;8.0;Manual;2.5;3.3;9.0;4.1;00h12m01s;3600.0;;;;;raw_irrigation_event.csv;
162;11/04/2025;18:45;18:55;00:29;1.0;1.0;ESTUFA GRA.;9.0;Manual;2.5;2.4;9.0;5.0;00h10m42s;10000.0;;;;;raw_irrigation_event.csv;
163;11/04/2025;18:55;19:02;00:10;1.0;1.0;ESTUFA GRA.;10.0;Manual;2.5;3.2;9.0;4.2;00h06m42s;2300.0;;;;;raw_irrigation_event.csv;
165;12/04/2025;10:17;10:25;15:22;1.0;1.0;ESTUFA GRA.;1.0;Hora Fixa;2.5;2.6;9.0;5.1;00h07m42s;7300.0;;;;;raw_irrigation_event.csv;
166;12/04/2025;11:07;11:14;00:50;1.0;1.0;ESTUFA GRA.;2.0;Hora Fixa;2.5;2.5;9.0;5.0;00h07m42s;7100.0;;;;;raw_irrigation_event.csv;
167;12/04/2025;12:07;12:16;01:00;1.0;1.0;ESTUFA GRA.;3.0;Hora Fixa;2.5;2.5;9.0;5.0;00h09m01s;6900.0;;;;;raw_irrigation_event.csv;
168;12/04/2025;13:07;13:14;01:00;1.0;1.0;ESTUFA GRA.;4.0;Hora Fixa;2.5;2.6;9.0;5.0;00h07m42s;7000.0;;;;;raw_irrigation_event.csv;
169;12/04/2025;14:09;14:18;01:02;1.0;1.0;ESTUFA GRA.;5.0;Hora Fixa;2.3;2.3;9.0;5.2;00h09m01s;6900.0;;;;;raw_irrigation_event.csv;
170;12/04/2025;15:07;15:16;00:58;1.0;1.0;ESTUFA GRA.;6.0;Hora Fixa;2.5;2.3;9.0;4.1;00h09m01s;7100.0;;;;;raw_irrigation_event.csv;
171;12/04/2025;16:07;16:15;01:00;1.0;1.0;ESTUFA GRA.;7.0;Hora Fixa;2.5;2.5;9.0;5.0;00h07m42s;7100.0;;;;;raw_irrigation_event.csv;
173;13/04/2025;10:07;10:14;18:00;1.0;1.0;ESTUFA GRA.;1.0;Hora Fixa;2.5;2.5;9.0;5.2;00h07m42s;7500.0;;;;;raw_irrigation_event.csv;
174;13/04/2025;11:07;11:14;01:00;1.0;1.0;ESTUFA GRA.;2.0;Hora Fixa;2.5;2.5;9.0;5.1;00h07m42s;7000.0;;;;;raw_irrigation_event.csv;
175;13/04/2025;12:07;12:16;01:00;1.0;1.0;ESTUFA GRA.;3.0;Hora Fixa;2.5;2.5;9.0;5.0;00h09m01s;7000.0;;;;;raw_irrigation_event.csv;
176;13/04/2025;14:00;14:11;01:53;1.0;1.0;ESTUFA GRA.;4.0;Pontual;2.5;2.5;9.0;5.2;00h10m42s;10200.0;;;;;raw_irrigation_event.csv;
177;13/04/2025;14:20;14:27;00:20;1.0;1.0;ESTUFA GRA.;5.0;Hora Fixa;2.5;2.5;9.0;5.1;00h07m42s;7300.0;;;;;raw_irrigation_event.csv;
178;13/04/2025;14:38;14:47;00:18;1.0;1.0;ESTUFA GRA.;6.0;Hora Fixa;2.5;2.5;9.0;5.1;00h09m01s;7200.0;;;;;raw_irrigation_event.csv;
179;13/04/2025;15:07;15:16;00:29;1.0;1.0;ESTUFA GRA.;7.0;Hora Fixa;2.3;2.3;9.0;5.2;00h09m01s;7300.0;;;;;raw_irrigation_event.csv;
180;13/04/2025;16:07;16:15;01:00;1.0;1.0;ESTUFA GRA.;8.0;Hora Fixa;2.5;2.5;9.0;5.2;00h07m42s;7300.0;;;;;raw_irrigation_event.csv;
182;14/04/2025;10:05;10:14;17:58;1.0;1.0;ESTUFA GRA.;1.0;Hora Fixa;2.5;2.4;9.0;5.5;00h09m01s;7200.0;;;;;raw_irrigation_event.csv;
183;14/04/2025;11:05;11:12;01:00;1.0;1.0;ESTUFA GRA.;2.0;Hora Fixa;2.3;2.4;9.0;5.5;00h07m42s;7100.0;;;;;raw_irrigation_event.csv;
184;14/04/2025;12:05;12:14;01:00;1.0;1.0;ESTUFA GRA.;3.0;Hora Fixa;2.5;2.4;9.0;5.5;00h09m01s;7100.0;;;;;raw_irrigation_event.csv;
185;14/04/2025;13:05;13:12;01:00;1.0;1.0;ESTUFA GRA.;4.0;Hora Fixa;2.5;2.5;9.0;5.5;00h07m42s;7100.0;;;;;raw_irrigation_event.csv;
186;14/04/2025;14:05;14:14;01:00;1.0;1.0;ESTUFA GRA.;5.0;Hora Fixa;2.5;2.4;9.0;5.5;00h09m01s;6900.0;;;;;raw_irrigation_event.csv;
187;14/04/2025;15:05;15:14;01:00;1.0;1.0;ESTUFA GRA.;6.0;Hora Fixa;2.3;2.1;9.0;5.2;00h09m01s;6900.0;;;;;raw_irrigation_event.csv;
188;14/04/2025;16:05;16:14;01:00;1.0;1.0;ESTUFA GRA.;7.0;Hora Fixa;2.5;2.1;9.0;5.2;00h09m01s;7300.0;;;;;raw_irrigation_event.csv;
190;15/04/2025;05:00;05:09;12:55;1.0;1.0;ESTUFA GRA.;1.0;Hora Fixa;2.5;2.0;8.0;5.3;00h09m01s;7100.0;;;;;raw_irrigation_event.csv;
191;15/04/2025;05:30;05:39;00:30;1.0;1.0;ESTUFA GRA.;2.0;Hora Fixa;2.5;2.1;8.0;5.0;00h09m01s;6900.0;;;;;raw_irrigation_event.csv;
192;15/04/2025;06:00;06:09;00:30;1.0;1.0;ESTUFA GRA.;3.0;Hora Fixa;2.5;2.1;8.0;5.0;00h09m01s;7000.0;;;;;raw_irrigation_event.csv;
193;15/04/2025;06:30;06:39;00:30;1.0;1.0;ESTUFA GRA.;4.0;Hora Fixa;2.5;2.1;8.0;5.0;00h09m01s;7000.0;;;;;raw_irrigation_event.csv;
194;15/04/2025;07:00;07:06;00:30;1.0;1.0;ESTUFA GRA.;5.0;Hora Fixa;2.5;2.1;8.0;5.0;00h06m04s;4600.0;;;;;raw_irrigation_event.csv;
196;16/04/2025;07:05;07:15;+1d 00:05;1.0;1.0;ESTUFA GRA.;1.0;Pontual;2.2;2.2;8.0;5.5;00h10m42s;10100.0;;;;;raw_irrigation_event.csv;
197;16/04/2025;10:07;10:16;03:02;1.0;1.0;ESTUFA GRA.;2.0;Hora Fixa;2.1;2.2;9.0;5.5;00h09m01s;7200.0;;;;;raw_irrigation_event.csv;
198;16/04/2025;11:07;11:14;01:00;1.0;1.0;ESTUFA GRA.;3.0;Hora Fixa;2.2;2.2;9.0;5.5;00h07m42s;6700.0;;;;;raw_irrigation_event.csv;
199;16/04/2025;12:07;12:16;01:00;1.0;1.0;ESTUFA GRA.;4.0;Hora Fixa;2.2;2.2;9.0;5.5;00h09m01s;7100.0;;;;;raw_irrigation_event.csv;
200;16/04/2025;13:06;13:13;00:59;1.0;1.0;ESTUFA GRA.;5.0;Hora Fixa;2.2;2.2;9.0;5.5;00h06m42s;6100.0;;;;;raw_irrigation_event.csv;
201;16/04/2025;14:06;14:14;01:00;1.0;1.0;ESTUFA GRA.;6.0;Hora Fixa;2.2;2.3;9.0;5.3;00h08m01s;6000.0;;;;;raw_irrigation_event.csv;
202;16/04/2025;15:06;15:14;01:00;1.0;1.0;ESTUFA GRA.;7.0;Hora Fixa;2.2;2.3;9.0;5.4;00h08m01s;6100.0;;;;;raw_irrigation_event.csv;
203;16/04/2025;16:07;16:13;01:01;1.0;1.0;ESTUFA GRA.;8.0;Hora Fixa;2.2;2.1;9.0;5.6;00h06m42s;6000.0;;;;;raw_irrigation_event.csv;
205;17/04/2025;10:07;10:14;18:00;1.0;1.0;ESTUFA GRA.;1.0;Hora Fixa;2.2;2.2;9.0;5.4;00h07m42s;7200.0;;;;;raw_irrigation_event.csv;
206;17/04/2025;12:06;12:13;01:59;1.0;1.0;ESTUFA GRA.;2.0;Hora Fixa;2.0;2.0;9.0;5.6;00h07m12s;6600.0;;;;;raw_irrigation_event.csv;
207;17/04/2025;14:06;14:13;02:00;1.0;1.0;ESTUFA GRA.;3.0;Hora Fixa;2.0;2.1;9.0;5.5;00h07m12s;6800.0;;;;;raw_irrigation_event.csv;
208;17/04/2025;15:12;15:20;01:06;1.0;1.0;ESTUFA GRA.;4.0;Hora Fixa;2.2;2.2;9.0;5.4;00h08m01s;6300.0;;;;;raw_irrigation_event.csv;
211;19/04/2025;12:04;12:22;+1d 20:52;1.0;1.0;ESTUFA GRA.;1.0;Manual;2.0;2.5;9.0;5.4;00h11m41s;4000.0;;;;;raw_irrigation_event.csv;
212;19/04/2025;12:22;12:34;00:18;1.0;1.0;ESTUFA GRA.;2.0;Manual;2.1;2.4;9.0;5.4;00h12m01s;5800.0;;;;;raw_irrigation_event.csv;
214;20/04/2025;10:07;10:14;21:45;1.0;1.0;ESTUFA GRA.;1.0;Hora Fixa;2.2;2.2;9.0;5.5;00h07m42s;7200.0;;;;;raw_irrigation_event.csv;
215;20/04/2025;12:06;12:13;01:59;1.0;1.0;ESTUFA GRA.;2.0;Hora Fixa;2.2;2.2;9.0;5.5;00h07m12s;6600.0;;;;;raw_irrigation_event.csv;
216;20/04/2025;14:06;14:13;02:00;1.0;1.0;ESTUFA GRA.;3.0;Hora Fixa;2.2;2.2;9.0;5.5;00h07m12s;6600.0;;;;;raw_irrigation_event.csv;
218;21/04/2025;12:07;12:16;22:01;1.0;1.0;ESTUFA GRA.;1.0;Hora Fixa;2.2;2.2;9.0;5.5;00h09m01s;7200.0;;;;;raw_irrigation_event.csv;
219;21/04/2025;14:06;14:13;01:59;1.0;1.0;ESTUFA GRA.;2.0;Hora Fixa;2.2;2.3;9.0;5.5;00h07m12s;6500.0;;;;;raw_irrigation_event.csv;
221;22/04/2025;08:28;08:37;18:22;1.0;1.0;ESTUFA GRA.;1.0;Irradiação;2.2;2.2;8.0;5.6;00h09m01s;7000.0;;;;;raw_irrigation_event.csv;
222;22/04/2025;11:23;11:34;02:55;1.0;1.0;ESTUFA GRA.;2.0;Irradiação;2.2;2.2;9.0;5.6;00h10m42s;7700.0;;;;;raw_irrigation_event.csv;
223;22/04/2025;12:41;12:52;01:18;1.0;1.0;ESTUFA GRA.;3.0;Irradiação;2.0;2.1;9.0;5.6;00h10m42s;7700.0;;;;;raw_irrigation_event.csv;
224;22/04/2025;14:11;14:21;01:30;1.0;1.0;ESTUFA GRA.;4.0;Irradiação;2.0;2.1;9.0;5.6;00h10m42s;7700.0;;;;;raw_irrigation_event.csv;
225;22/04/2025;15:41;15:51;01:30;1.0;1.0;ESTUFA GRA.;5.0;Irradiação;2.1;2.1;9.0;5.6;00h10m42s;7600.0;;;;;raw_irrigation_event.csv;
227;23/04/2025;08:32;08:41;16:51;1.0;1.0;ESTUFA GRA.;1.0;Irradiação;2.2;2.3;8.0;5.5;00h09m23s;7700.0;;;;;raw_irrigation_event.csv;
228;23/04/2025;10:36;10:45;02:04;1.0;1.0;ESTUFA GRA.;2.0;Irradiação;2.2;2.3;9.0;5.5;00h09m23s;7600.0;;;;;raw_irrigation_event.csv;
229;23/04/2025;12:16;12:25;01:40;1.0;1.0;ESTUFA GRA.;3.0;Irradiação;2.0;2.1;9.0;5.6;00h09m23s;7600.0;;;;;raw_irrigation_event.csv;
230;23/04/2025;13:26;13:35;01:10;1.0;1.0;ESTUFA GRA.;4.0;Irradiação;2.0;2.1;9.0;5.7;00h09m23s;7600.0;;;;;raw_irrigation_event.csv;
231;23/04/2025;14:45;14:54;01:19;1.0;1.0;ESTUFA GRA.;5.0;Irradiação;2.0;2.0;9.0;5.6;00h09m23s;7600.0;;;;;raw_irrigation_event.csv;
233;24/04/2025;10:40;10:49;19:55;1.0;1.0;ESTUFA GRA.;1.0;Cíclico;2.1;2.3;9.0;5.7;00h09m23s;7700.0;;;;;raw_irrigation_event.csv;
234;24/04/2025;11:53;12:02;01:13;1.0;1.0;ESTUFA GRA.;2.0;Irradiação;2.0;2.2;9.0;5.7;00h09m23s;7400.0;;;;;raw_irrigation_event.csv;
235;24/04/2025;12:57;13:06;01:04;1.0;1.0;ESTUFA GRA.;3.0;Irradiação;2.0;2.2;9.0;5.8;00h09m23s;7300.0;;;;;raw_irrigation_event.csv;
236;24/04/2025;13:57;14:06;01:00;1.0;1.0;ESTUFA GRA.;4.0;Irradiação;2.0;2.2;9.0;5.8;00h09m23s;7500.0;;;;;raw_irrigation_event.csv;
237;24/04/2025;14:57;15:06;01:00;1.0;1.0;ESTUFA GRA.;5.0;Irradiação;2.0;2.1;9.0;5.9;00h09m23s;7500.0;;;;;raw_irrigation_event.csv;
238;24/04/2025;15:53;16:03;00:56;1.0;1.0;ESTUFA GRA.;6.0;Pontual;2.2;2.1;9.0;5.8;00h09m41s;7400.0;;;;;raw_irrigation_event.csv;
240;25/04/2025;10:49;10:58;18:56;1.0;1.0;ESTUFA GRA.;1.0;Cíclico;2.2;2.4;9.0;5.4;00h09m23s;7800.0;;;;;raw_irrigation_event.csv;
241;25/04/2025;14:05;14:14;03:16;1.0;1.0;ESTUFA GRA.;2.0;Pontual;2.2;2.4;9.0;5.2;00h09m23s;8100.0;;;;;raw_irrigation_event.csv;
242;25/04/2025;15:10;15:19;01:05;1.0;1.0;ESTUFA GRA.;3.0;Irradiação;2.0;2.2;9.0;5.2;00h09m23s;7500.0;;;;;raw_irrigation_event.csv;
244;26/04/2025;08:26;08:36;17:16;1.0;1.0;ESTUFA GRA.;1.0;Irradiação;2.2;2.4;8.0;5.4;00h09m23s;7800.0;;;;;raw_irrigation_event.csv;
245;26/04/2025;10:04;10:14;01:38;1.0;1.0;ESTUFA GRA.;2.0;Irradiação;2.2;2.3;9.0;5.4;00h09m23s;7700.0;;;;;raw_irrigation_event.csv;
246;26/04/2025;11:13;11:24;01:09;1.0;1.0;ESTUFA GRA.;3.0;Irradiação;1.9;1.9;9.0;5.5;00h10m42s;7600.0;;;;;raw_irrigation_event.csv;
247;26/04/2025;12:20;12:31;01:07;1.0;1.0;ESTUFA GRA.;4.0;Irradiação;1.8;1.9;9.0;5.5;00h10m42s;7700.0;;;;;raw_irrigation_event.csv;
248;26/04/2025;13:20;13:30;01:00;1.0;1.0;ESTUFA GRA.;5.0;Irradiação;1.8;1.9;9.0;5.5;00h10m42s;7600.0;;;;;raw_irrigation_event.csv;
249;26/04/2025;14:20;14:30;01:00;1.0;1.0;ESTUFA GRA.;6.0;Irradiação;1.8;2.0;9.0;5.5;00h10m42s;7600.0;;;;;raw_irrigation_event.csv;
250;26/04/2025;15:20;15:30;01:00;1.0;1.0;ESTUFA GRA.;7.0;Irradiação;1.8;2.0;9.0;5.5;00h10m42s;7400.0;;;;;raw_irrigation_event.csv;
252;27/04/2025;08:31;08:40;17:11;1.0;1.0;ESTUFA GRA.;1.0;Irradiação;2.2;2.3;8.0;5.6;00h09m23s;7700.0;;;;;raw_irrigation_event.csv;
253;27/04/2025;10:08;10:18;01:37;1.0;1.0;ESTUFA GRA.;2.0;Irradiação;2.2;2.4;9.0;5.7;00h10m42s;7600.0;;;;;raw_irrigation_event.csv;
254;27/04/2025;11:37;11:48;01:29;1.0;1.0;ESTUFA GRA.;3.0;Irradiação;2.0;2.3;9.0;5.7;00h10m42s;7500.0;;;;;raw_irrigation_event.csv;
255;27/04/2025;12:42;12:52;01:05;1.0;1.0;ESTUFA GRA.;4.0;Irradiação;1.8;2.2;9.0;5.7;00h10m42s;7500.0;;;;;raw_irrigation_event.csv;
256;27/04/2025;13:42;13:52;01:00;1.0;1.0;ESTUFA GRA.;5.0;Irradiação;1.8;2.1;9.0;5.7;00h10m42s;7700.0;;;;;raw_irrigation_event.csv;
257;27/04/2025;14:42;14:52;01:00;1.0;1.0;ESTUFA GRA.;6.0;Irradiação;1.8;2.1;9.0;5.7;00h10m42s;7400.0;;;;;raw_irrigation_event.csv;
258;27/04/2025;15:42;15:51;01:00;1.0;1.0;ESTUFA GRA.;7.0;Irradiação;2.1;2.2;9.0;5.7;00h09m23s;7700.0;;;;;raw_irrigation_event.csv;
260;28/04/2025;08:20;08:30;16:38;1.0;1.0;ESTUFA GRA.;1.0;Irradiação;2.2;2.3;8.0;5.8;00h09m23s;7900.0;;;;;raw_irrigation_event.csv;
261;28/04/2025;10:17;10:27;01:57;1.0;1.0;ESTUFA GRA.;2.0;Irradiação;2.2;2.4;9.0;5.8;00h09m23s;7500.0;;;;;raw_irrigation_event.csv;
263;29/04/2025;09:07;09:44;22:50;1.0;1.0;ESTUFA GRA.;1.0;Manual;2.2;1.7;9.0;5.2;00h30m31s;13300.0;;;;;raw_irrigation_event.csv;
264;29/04/2025;16:38;16:47;07:31;1.0;1.0;ESTUFA GRA.;2.0;Pontual;2.2;2.4;9.0;5.8;00h09m15s;7500.0;;;;;raw_irrigation_event.csv;
266;30/04/2025;11:02;11:12;18:24;1.0;1.0;ESTUFA GRA.;1.0;Cíclico;2.2;2.4;9.0;5.8;00h09m15s;7200.0;;;;;raw_irrigation_event.csv;
267;30/04/2025;12:48;12:58;01:46;1.0;1.0;ESTUFA GRA.;2.0;Pontual;1.8;2.0;9.0;6.0;00h09m15s;7500.0;;;;;raw_irrigation_event.csv;
268;30/04/2025;15:13;15:22;02:25;1.0;1.0;ESTUFA GRA.;3.0;Irradiação;1.8;2.0;9.0;6.0;00h09m15s;7400.0;;;;;raw_irrigation_event.csv;
269;30/04/2025;16:32;16:41;01:19;1.0;1.0;ESTUFA GRA.;4.0;Manual;2.2;2.3;9.0;5.9;00h09m15s;7400.0;;;;;raw_irrigation_event.csv;
271;01/05/2025;08:22;08:31;15:50;1.0;1.0;ESTUFA GRA.;1.0;Irradiação;2.2;2.2;8.0;5.8;00h09m15s;7800.0;;;;;raw_irrigation_event.csv;
272;01/05/2025;10:06;10:15;01:44;1.0;1.0;ESTUFA GRA.;2.0;Irradiação;2.2;2.3;9.0;5.8;00h09m15s;7300.0;;;;;raw_irrigation_event.csv;
273;01/05/2025;12:06;12:15;02:00;1.0;1.0;ESTUFA GRA.;3.0;Cíclico;1.8;2.1;9.0;5.9;00h09m15s;7500.0;;;;;raw_irrigation_event.csv;
274;01/05/2025;13:29;13:38;01:23;1.0;1.0;ESTUFA GRA.;4.0;Irradiação;1.8;2.0;9.0;6.0;00h09m15s;7500.0;;;;;raw_irrigation_event.csv;
275;01/05/2025;15:11;15:21;01:42;1.0;1.0;ESTUFA GRA.;5.0;Pontual;1.8;2.1;9.0;5.9;00h09m15s;7700.0;;;;;raw_irrigation_event.csv;
277;02/05/2025;12:01;12:10;20:50;1.0;1.0;ESTUFA GRA.;1.0;Cíclico;2.0;2.3;9.0;5.8;00h09m15s;7800.0;;;;;raw_irrigation_event.csv;
278;02/05/2025;14:06;14:16;02:05;1.0;1.0;ESTUFA GRA.;2.0;Cíclico;2.2;2.2;9.0;5.8;00h10m34s;7600.0;;;;;raw_irrigation_event.csv;
279;02/05/2025;15:36;15:45;01:30;1.0;1.0;ESTUFA GRA.;3.0;Irradiação;1.8;2.1;9.0;5.8;00h09m15s;7600.0;;;;;raw_irrigation_event.csv;
281;03/05/2025;08:58;09:07;17:22;1.0;1.0;ESTUFA GRA.;1.0;Irradiação;2.2;2.4;8.0;5.8;00h09m15s;7700.0;;;;;raw_irrigation_event.csv;
282;03/05/2025;11:49;11:58;02:51;1.0;1.0;ESTUFA GRA.;2.0;Cíclico;2.2;2.4;9.0;5.9;00h09m15s;7600.0;;;;;raw_irrigation_event.csv;
283;03/05/2025;13:49;13:59;02:00;1.0;1.0;ESTUFA GRA.;3.0;Cíclico;2.2;2.3;9.0;5.9;00h10m34s;7500.0;;;;;raw_irrigation_event.csv;
285;04/05/2025;10:56;11:06;21:07;1.0;1.0;ESTUFA GRA.;1.0;Cíclico;2.0;2.1;9.0;5.8;00h10m34s;7800.0;;;;;raw_irrigation_event.csv;
286;04/05/2025;12:56;13:06;02:00;1.0;1.0;ESTUFA GRA.;2.0;Cíclico;1.8;1.9;9.0;5.9;00h10m34s;7800.0;;;;;raw_irrigation_event.csv;
287;04/05/2025;15:00;15:09;02:04;1.0;1.0;ESTUFA GRA.;3.0;Cíclico;1.8;1.9;9.0;5.8;00h09m15s;7700.0;;;;;raw_irrigation_event.csv;
289;05/05/2025;08:46;08:55;17:46;1.0;1.0;ESTUFA GRA.;1.0;Irradiação;2.2;2.3;8.0;5.6;00h09m15s;7600.0;;;;;raw_irrigation_event.csv;
290;05/05/2025;10:20;10:30;01:34;1.0;1.0;ESTUFA GRA.;2.0;Irradiação;2.2;2.2;9.0;5.6;00h09m15s;7500.0;;;;;raw_irrigation_event.csv;
291;05/05/2025;12:20;12:29;02:00;1.0;1.0;ESTUFA GRA.;3.0;Cíclico;2.2;2.2;9.0;5.6;00h09m15s;7500.0;;;;;raw_irrigation_event.csv;
292;05/05/2025;14:20;14:29;02:00;1.0;1.0;ESTUFA GRA.;4.0;Cíclico;2.2;2.2;9.0;5.6;00h09m15s;7500.0;;;;;raw_irrigation_event.csv;
294;06/05/2025;08:28;08:37;18:08;1.0;1.0;ESTUFA GRA.;1.0;Irradiação;2.2;2.3;8.0;5.6;00h09m15s;7400.0;;;;;raw_irrigation_event.csv;
295;06/05/2025;10:27;10:36;01:59;1.0;1.0;ESTUFA GRA.;2.0;Irradiação;2.2;2.2;9.0;5.6;00h09m15s;7500.0;;;;;raw_irrigation_event.csv;
296;06/05/2025;11:45;11:54;01:18;1.0;1.0;ESTUFA GRA.;3.0;Irradiação;1.9;2.1;9.0;5.6;00h09m15s;7400.0;;;;;raw_irrigation_event.csv;
297;06/05/2025;13:00;13:09;01:15;1.0;1.0;ESTUFA GRA.;4.0;Irradiação;1.8;1.9;9.0;5.7;00h09m15s;7300.0;;;;;raw_irrigation_event.csv;
298;06/05/2025;14:20;14:30;01:20;1.0;1.0;ESTUFA GRA.;5.0;Irradiação;1.8;1.8;9.0;5.7;00h10m34s;7400.0;;;;;raw_irrigation_event.csv;
299;06/05/2025;15:20;15:30;01:00;1.0;1.0;ESTUFA GRA.;6.0;Irradiação;1.8;1.9;9.0;5.7;00h10m34s;7200.0;;;;;raw_irrigation_event.csv;
301;07/05/2025;08:58;09:07;17:38;1.0;1.0;ESTUFA GRA.;1.0;Irradiação;2.2;2.4;8.0;5.6;00h09m15s;7400.0;;;;;raw_irrigation_event.csv;
302;07/05/2025;10:58;11:07;02:00;1.0;1.0;ESTUFA GRA.;2.0;Cíclico;2.2;2.4;9.0;5.6;00h09m15s;7400.0;;;;;raw_irrigation_event.csv;
303;07/05/2025;12:58;13:08;02:00;1.0;1.0;ESTUFA GRA.;3.0;Cíclico;2.2;2.3;9.0;5.6;00h10m34s;7400.0;;;;;raw_irrigation_event.csv;
304;07/05/2025;14:58;15:07;02:00;1.0;1.0;ESTUFA GRA.;4.0;Cíclico;2.2;2.2;9.0;5.6;00h09m15s;7700.0;;;;;raw_irrigation_event.csv;
306;08/05/2025;10:40;10:49;19:42;1.0;1.0;ESTUFA GRA.;1.0;Cíclico;2.2;2.3;9.0;5.6;00h09m15s;7500.0;;;;;raw_irrigation_event.csv;
307;08/05/2025;12:40;12:49;02:00;1.0;1.0;ESTUFA GRA.;2.0;Cíclico;2.2;2.4;9.0;5.6;00h09m15s;7300.0;;;;;raw_irrigation_event.csv;
308;08/05/2025;14:40;14:50;02:00;1.0;1.0;ESTUFA GRA.;3.0;Cíclico;2.1;2.1;9.0;5.6;00h10m34s;7700.0;;;;;raw_irrigation_event.csv;
309;08/05/2025;17:10;17:19;02:30;1.0;1.0;ESTUFA GRA.;4.0;Pontual;2.2;2.3;9.0;5.6;00h09m15s;7700.0;;;;;raw_irrigation_event.csv;
311;09/05/2025;10:40;10:49;17:30;1.0;1.0;ESTUFA GRA.;1.0;Cíclico;2.2;2.3;9.0;5.5;00h09m15s;7800.0;;;;;raw_irrigation_event.csv;
312;09/05/2025;12:40;12:49;02:00;1.0;1.0;ESTUFA GRA.;2.0;Cíclico;2.2;2.3;9.0;5.5;00h09m15s;7400.0;;;;;raw_irrigation_event.csv;
313;09/05/2025;13:53;14:03;01:13;1.0;1.0;ESTUFA GRA.;3.0;Irradiação;1.8;1.8;9.0;5.6;00h10m34s;7300.0;;;;;raw_irrigation_event.csv;
314;09/05/2025;14:55;15:04;01:02;1.0;1.0;ESTUFA GRA.;4.0;Irradiação;2.2;2.2;9.0;5.5;00h09m15s;7600.0;;;;;raw_irrigation_event.csv;
316;10/05/2025;08:49;08:58;17:54;1.0;1.0;ESTUFA GRA.;1.0;Irradiação;2.2;2.4;8.0;5.4;00h09m15s;7900.0;;;;;raw_irrigation_event.csv;
317;10/05/2025;10:36;10:45;01:47;1.0;1.0;ESTUFA GRA.;2.0;Irradiação;2.0;2.2;9.0;5.5;00h09m15s;7500.0;;;;;raw_irrigation_event.csv;
318;10/05/2025;11:49;11:58;01:13;1.0;1.0;ESTUFA GRA.;3.0;Irradiação;2.2;2.3;9.0;5.4;00h09m15s;7500.0;;;;;raw_irrigation_event.csv;
319;10/05/2025;13:09;13:18;01:20;1.0;1.0;ESTUFA GRA.;4.0;Irradiação;1.8;2.0;9.0;5.5;00h09m15s;7500.0;;;;;raw_irrigation_event.csv;
320;10/05/2025;14:36;14:46;01:27;1.0;1.0;ESTUFA GRA.;5.0;Irradiação;1.8;1.8;9.0;5.5;00h10m34s;7700.0;;;;;raw_irrigation_event.csv;
321;10/05/2025;15:36;15:46;01:00;1.0;1.0;ESTUFA GRA.;6.0;Irradiação;2.2;2.2;9.0;5.5;00h10m34s;7500.0;;;;;raw_irrigation_event.csv;
323;11/05/2025;08:14;08:24;16:38;1.0;1.0;ESTUFA GRA.;1.0;Irradiação;2.2;2.3;8.0;4.4;00h10m34s;7700.0;;;;;raw_irrigation_event.csv;
324;11/05/2025;10:03;10:12;01:49;1.0;1.0;ESTUFA GRA.;2.0;Irradiação;2.2;2.3;9.0;4.6;00h09m15s;7500.0;;;;;raw_irrigation_event.csv;
325;11/05/2025;11:31;11:41;01:28;1.0;1.0;ESTUFA GRA.;3.0;Irradiação;1.8;1.9;9.0;4.6;00h10m34s;7400.0;;;;;raw_irrigation_event.csv;
326;11/05/2025;12:32;12:43;01:01;1.0;1.0;ESTUFA GRA.;4.0;Irradiação;1.8;1.9;9.0;4.6;00h10m34s;7700.0;;;;;raw_irrigation_event.csv;
327;11/05/2025;14:22;14:31;01:50;1.0;1.0;ESTUFA GRA.;5.0;Manual;1.8;1.8;9.0;4.4;00h09m15s;7800.0;;;;;raw_irrigation_event.csv;
328;11/05/2025;15:22;15:31;01:00;1.0;1.0;ESTUFA GRA.;6.0;Irradiação;1.8;1.9;9.0;4.5;00h09m15s;7600.0;;;;;raw_irrigation_event.csv;
330;12/05/2025;08:18;08:27;16:56;1.0;1.0;ESTUFA GRA.;1.0;Irradiação;2.2;2.3;8.0;5.3;00h09m15s;7500.0;;;;;raw_irrigation_event.csv;
331;12/05/2025;10:15;10:24;01:57;1.0;1.0;ESTUFA GRA.;2.0;Irradiação;1.9;2.0;9.0;5.3;00h09m15s;7400.0;;;;;raw_irrigation_event.csv;
332;12/05/2025;11:36;11:45;01:21;1.0;1.0;ESTUFA GRA.;3.0;Irradiação;1.8;2.0;9.0;5.3;00h09m15s;7600.0;;;;;raw_irrigation_event.csv;
333;12/05/2025;12:53;13:02;01:17;1.0;1.0;ESTUFA GRA.;4.0;Irradiação;1.8;2.0;9.0;5.3;00h09m15s;7500.0;;;;;raw_irrigation_event.csv;
334;12/05/2025;14:48;14:58;01:55;1.0;1.0;ESTUFA GRA.;5.0;Irradiação;1.8;1.8;9.0;5.4;00h10m34s;7600.0;;;;;raw_irrigation_event.csv;
335;12/05/2025;15:49;15:58;01:01;1.0;1.0;ESTUFA GRA.;6.0;Manual;2.2;2.2;9.0;5.3;00h09m15s;7700.0;;;;;raw_irrigation_event.csv;
337;13/05/2025;10:33;10:42;18:44;1.0;1.0;ESTUFA GRA.;1.0;Irradiação;1.9;2.1;9.0;5.6;00h09m15s;7600.0;;;;;raw_irrigation_event.csv;
338;13/05/2025;12:09;12:18;01:36;1.0;1.0;ESTUFA GRA.;2.0;Irradiação;1.8;1.9;9.0;5.6;00h09m15s;7600.0;;;;;raw_irrigation_event.csv;
339;13/05/2025;13:36;13:46;01:27;1.0;1.0;ESTUFA GRA.;3.0;Irradiação;1.8;1.8;9.0;5.6;00h10m34s;7700.0;;;;;raw_irrigation_event.csv;
340;13/05/2025;14:36;14:46;01:00;1.0;1.0;ESTUFA GRA.;4.0;Irradiação;1.8;1.8;9.0;5.6;00h10m34s;8000.0;;;;;raw_irrigation_event.csv;
341;13/05/2025;15:36;15:46;01:00;1.0;1.0;ESTUFA GRA.;5.0;Irradiação;2.2;2.2;9.0;5.6;00h10m34s;7300.0;;;;;raw_irrigation_event.csv;
343;14/05/2025;08:21;08:30;16:45;1.0;1.0;ESTUFA GRA.;1.0;Irradiação;2.2;2.3;8.0;5.5;00h09m15s;7700.0;;;;;raw_irrigation_event.csv;
344;14/05/2025;10:00;10:09;01:39;1.0;1.0;ESTUFA GRA.;2.0;Irradiação;2.2;2.4;9.0;5.6;00h09m15s;7700.0;;;;;raw_irrigation_event.csv;
345;14/05/2025;11:36;11:46;01:36;1.0;1.0;ESTUFA GRA.;3.0;Irradiação;2.2;2.2;9.0;5.6;00h10m34s;7500.0;;;;;raw_irrigation_event.csv;
346;14/05/2025;12:40;12:51;01:04;1.0;1.0;ESTUFA GRA.;4.0;Irradiação;1.8;1.8;9.0;5.6;00h10m34s;7600.0;;;;;raw_irrigation_event.csv;
347;14/05/2025;13:40;13:51;01:00;1.0;1.0;ESTUFA GRA.;5.0;Irradiação;1.8;1.9;9.0;5.6;00h10m34s;7400.0;;;;;raw_irrigation_event.csv;
348;14/05/2025;14:40;14:58;01:00;1.0;1.0;ESTUFA GRA.;6.0;Irradiação;1.8;1.9;9.0;5.7;00h10m26s;7600.0;;;;;raw_irrigation_event.csv;
349;14/05/2025;18:08;18:33;03:28;1.0;1.0;ESTUFA GRA.;7.0;Pontual;2.2;2.3;9.0;4.9;00h17m13s;7400.0;;;;;raw_irrigation_event.csv;
351;15/05/2025;08:07;08:16;13:59;1.0;1.0;ESTUFA GRA.;1.0;Irradiação;2.2;2.3;8.0;5.2;00h09m15s;7400.0;;;;;raw_irrigation_event.csv;
352;15/05/2025;10:29;10:38;02:22;1.0;1.0;ESTUFA GRA.;2.0;Irradiação;1.8;2.1;9.0;5.4;00h09m15s;7700.0;;;;;raw_irrigation_event.csv;
353;15/05/2025;12:29;12:39;02:00;1.0;1.0;ESTUFA GRA.;3.0;Irradiação;1.8;1.8;9.0;5.5;00h10m34s;7500.0;;;;;raw_irrigation_event.csv;
354;15/05/2025;13:36;13:46;01:07;1.0;1.0;ESTUFA GRA.;4.0;Irradiação;1.8;1.8;9.0;5.5;00h10m34s;7500.0;;;;;raw_irrigation_event.csv;
355;15/05/2025;14:36;14:46;01:00;1.0;1.0;ESTUFA GRA.;5.0;Irradiação;1.8;1.9;9.0;5.5;00h10m34s;7600.0;;;;;raw_irrigation_event.csv;
356;15/05/2025;16:23;16:32;01:47;1.0;1.0;ESTUFA GRA.;6.0;Irradiação;2.2;2.4;9.0;5.4;00h09m15s;7700.0;;;;;raw_irrigation_event.csv;
358;16/05/2025;08:09;08:18;15:46;1.0;1.0;ESTUFA GRA.;1.0;Irradiação;2.2;2.4;8.0;4.6;00h09m15s;7700.0;;;;;raw_irrigation_event.csv;
359;16/05/2025;09:50;09:59;01:41;1.0;1.0;ESTUFA GRA.;2.0;Irradiação;2.2;2.4;9.0;4.8;00h09m15s;7600.0;;;;;raw_irrigation_event.csv;
360;16/05/2025;11:36;11:45;01:46;1.0;1.0;ESTUFA GRA.;3.0;Irradiação;1.9;2.1;9.0;4.9;00h09m15s;7500.0;;;;;raw_irrigation_event.csv;
361;16/05/2025;12:26;12:36;00:50;1.0;1.0;ESTUFA GRA.;4.0;Irradiação;1.8;1.9;9.0;4.9;00h10m34s;7500.0;;;;;raw_irrigation_event.csv;
362;16/05/2025;13:36;13:45;01:10;1.0;1.0;ESTUFA GRA.;5.0;Irradiação;1.8;1.8;9.0;5.0;00h09m15s;7500.0;;;;;raw_irrigation_event.csv;
363;16/05/2025;14:26;14:35;00:50;1.0;1.0;ESTUFA GRA.;6.0;Irradiação;1.8;1.9;9.0;5.0;00h09m29s;7500.0;;;;;raw_irrigation_event.csv;
364;16/05/2025;15:36;15:45;01:10;1.0;1.0;ESTUFA GRA.;7.0;Irradiação;1.9;2.2;9.0;5.0;00h09m15s;7400.0;;;;;raw_irrigation_event.csv;
365;16/05/2025;17:27;17:37;01:51;1.0;1.0;ESTUFA GRA.;8.0;Pontual;2.2;2.2;9.0;5.0;00h10m34s;7600.0;;;;;raw_irrigation_event.csv;
367;17/05/2025;08:29;08:38;15:02;1.0;1.0;ESTUFA GRA.;1.0;Irradiação;2.2;2.4;8.0;5.6;00h09m15s;7600.0;;;;;raw_irrigation_event.csv;
368;17/05/2025;10:17;10:26;01:48;1.0;1.0;ESTUFA GRA.;2.0;Irradiação;2.2;2.5;9.0;5.6;00h09m15s;7300.0;;;;;raw_irrigation_event.csv;
369;17/05/2025;11:36;11:45;01:19;1.0;1.0;ESTUFA GRA.;3.0;Irradiação;1.6;1.6;9.0;5.7;00h09m15s;7500.0;;;;;raw_irrigation_event.csv;
370;17/05/2025;12:50;13:01;01:14;1.0;1.0;ESTUFA GRA.;4.0;Irradiação;1.6;1.6;9.0;5.7;00h10m34s;7300.0;;;;;raw_irrigation_event.csv;
371;17/05/2025;13:52;14:03;01:02;1.0;1.0;ESTUFA GRA.;5.0;Irradiação;1.6;1.6;9.0;5.7;00h10m34s;7300.0;;;;;raw_irrigation_event.csv;
372;17/05/2025;14:54;15:05;01:02;1.0;1.0;ESTUFA GRA.;6.0;Irradiação;1.6;1.7;9.0;5.7;00h10m34s;7700.0;;;;;raw_irrigation_event.csv;
373;17/05/2025;16:20;16:29;01:26;1.0;1.0;ESTUFA GRA.;7.0;Pontual;2.2;2.3;9.0;5.7;00h09m15s;7500.0;;;;;raw_irrigation_event.csv;
375;18/05/2025;08:48;08:57;16:28;1.0;1.0;ESTUFA GRA.;1.0;Irradiação;2.2;2.4;8.0;4.9;00h09m15s;7800.0;;;;;raw_irrigation_event.csv;
376;18/05/2025;10:48;10:57;02:00;1.0;1.0;ESTUFA GRA.;2.0;Cíclico;2.2;2.4;9.0;5.3;00h09m15s;7600.0;;;;;raw_irrigation_event.csv;
377;18/05/2025;12:48;12:58;02:00;1.0;1.0;ESTUFA GRA.;3.0;Cíclico;2.2;2.3;9.0;4.4;00h10m34s;7600.0;;;;;raw_irrigation_event.csv;
378;18/05/2025;14:48;14:57;02:00;1.0;1.0;ESTUFA GRA.;4.0;Cíclico;1.6;1.9;9.0;5.4;00h09m15s;7800.0;;;;;raw_irrigation_event.csv;
379;18/05/2025;16:51;17:01;02:03;1.0;1.0;ESTUFA GRA.;5.0;Pontual;2.2;2.4;9.0;5.4;00h09m15s;8300.0;;;;;raw_irrigation_event.csv;
381;19/05/2025;08:23;08:36;15:32;1.0;1.0;ESTUFA GRA.;1.0;Irradiação;2.2;2.3;8.0;3.9;00h09m15s;7700.0;;;;;raw_irrigation_event.csv;
382;19/05/2025;10:36;10:45;02:13;1.0;1.0;ESTUFA GRA.;2.0;Irradiação;1.8;2.0;9.0;4.2;00h09m15s;7600.0;;;;;raw_irrigation_event.csv;
383;19/05/2025;11:28;11:38;00:52;1.0;1.0;ESTUFA GRA.;3.0;Irradiação;2.2;2.2;9.0;4.1;00h10m34s;7500.0;;;;;raw_irrigation_event.csv;
384;19/05/2025;12:36;12:46;01:08;1.0;1.0;ESTUFA GRA.;4.0;Irradiação;1.6;1.6;9.0;4.1;00h10m34s;7600.0;;;;;raw_irrigation_event.csv;
385;19/05/2025;13:59;14:09;01:23;1.0;1.0;ESTUFA GRA.;5.0;Irradiação;1.6;1.7;9.0;4.1;00h10m34s;7600.0;;;;;raw_irrigation_event.csv;
386;19/05/2025;15:46;15:55;01:47;1.0;1.0;ESTUFA GRA.;6.0;Irradiação;2.2;2.4;9.0;4.1;00h09m15s;7700.0;;;;;raw_irrigation_event.csv;
388;20/05/2025;08:16;08:27;16:30;1.0;1.0;ESTUFA GRA.;1.0;Irradiação;2.2;2.3;8.0;5.5;00h10m34s;7700.0;;;;;raw_irrigation_event.csv;
389;20/05/2025;10:36;10:45;02:20;1.0;1.0;ESTUFA GRA.;2.0;Irradiação;2.2;2.4;9.0;5.6;00h09m15s;7700.0;;;;;raw_irrigation_event.csv;
390;20/05/2025;11:41;11:52;01:05;1.0;1.0;ESTUFA GRA.;3.0;Irradiação;1.6;1.6;9.0;5.7;00h10m34s;7700.0;;;;;raw_irrigation_event.csv;
392;21/05/2025;10:40;10:49;22:59;1.0;1.0;ESTUFA GRA.;1.0;Cíclico;2.2;2.4;9.0;5.8;00h09m15s;7800.0;;;;;raw_irrigation_event.csv;
393;21/05/2025;12:40;12:49;02:00;1.0;1.0;ESTUFA GRA.;2.0;Cíclico;2.2;2.4;9.0;5.8;00h09m15s;7800.0;;;;;raw_irrigation_event.csv;
394;21/05/2025;14:40;14:49;02:00;1.0;1.0;ESTUFA GRA.;3.0;Cíclico;2.2;2.3;9.0;5.8;00h09m15s;7500.0;;;;;raw_irrigation_event.csv;
395;21/05/2025;16:11;16:20;01:31;1.0;1.0;ESTUFA GRA.;4.0;Pontual;2.2;2.4;9.0;5.7;00h09m15s;7700.0;;;;;raw_irrigation_event.csv;
396;21/05/2025;18:34;19:00;02:23;1.0;1.0;ESTUFA GRA.;5.0;Manual;2.2;2.6;9.0;5.9;00h17m13s;7400.0;;;;;raw_irrigation_event.csv;
398;22/05/2025;08:39;08:55;14:05;1.0;1.0;ESTUFA GRA.;1.0;Irradiação;2.2;2.5;8.0;5.9;00h15m54s;7300.0;;;;;raw_irrigation_event.csv;
399;22/05/2025;10:44;10:53;02:05;1.0;1.0;ESTUFA GRA.;2.0;Irradiação;2.1;2.3;9.0;5.9;00h09m15s;7700.0;;;;;raw_irrigation_event.csv;
400;22/05/2025;11:37;11:46;00:53;1.0;1.0;ESTUFA GRA.;3.0;Irradiação;1.9;2.0;9.0;6.0;00h09m15s;7900.0;;;;;raw_irrigation_event.csv;
401;22/05/2025;12:44;12:54;01:07;1.0;1.0;ESTUFA GRA.;4.0;Irradiação;1.6;1.6;9.0;6.0;00h10m34s;8000.0;;;;;raw_irrigation_event.csv;
402;22/05/2025;13:47;13:57;01:03;1.0;1.0;ESTUFA GRA.;5.0;Irradiação;1.6;1.6;9.0;6.0;00h10m34s;7800.0;;;;;raw_irrigation_event.csv;
403;22/05/2025;14:50;14:59;01:03;1.0;1.0;ESTUFA GRA.;6.0;Irradiação;1.6;1.6;9.0;6.0;00h09m15s;8000.0;;;;;raw_irrigation_event.csv;
404;22/05/2025;15:58;16:07;01:08;1.0;1.0;ESTUFA GRA.;7.0;Irradiação;2.2;2.3;9.0;5.9;00h09m15s;7900.0;;;;;raw_irrigation_event.csv;
406;23/05/2025;08:36;08:45;16:38;1.0;1.0;ESTUFA GRA.;1.0;Irradiação;2.2;2.4;8.0;4.9;00h09m15s;7900.0;;;;;raw_irrigation_event.csv;
407;23/05/2025;10:07;10:16;01:31;1.0;1.0;ESTUFA GRA.;2.0;Irradiação;2.1;2.3;9.0;5.4;00h09m15s;7600.0;;;;;raw_irrigation_event.csv;
408;23/05/2025;11:36;11:45;01:29;1.0;1.0;ESTUFA GRA.;3.0;Irradiação;1.6;1.8;9.0;5.4;00h09m15s;7500.0;;;;;raw_irrigation_event.csv;
409;23/05/2025;12:21;12:31;00:45;1.0;1.0;ESTUFA GRA.;4.0;Irradiação;1.6;1.6;9.0;5.4;00h10m34s;8000.0;;;;;raw_irrigation_event.csv;
410;23/05/2025;13:45;13:56;01:24;1.0;1.0;ESTUFA GRA.;5.0;Irradiação;1.6;1.6;9.0;5.4;00h10m34s;7700.0;;;;;raw_irrigation_event.csv;
411;23/05/2025;14:25;14:34;00:40;1.0;1.0;ESTUFA GRA.;6.0;Irradiação;1.6;1.6;9.0;5.4;00h09m15s;8000.0;;;;;raw_irrigation_event.csv;
412;23/05/2025;15:46;15:55;01:21;1.0;1.0;ESTUFA GRA.;7.0;Irradiação;2.2;2.3;9.0;5.4;00h09m15s;7500.0;;;;;raw_irrigation_event.csv;
414;24/05/2025;08:04;08:13;16:18;1.0;1.0;ESTUFA GRA.;1.0;Irradiação;2.2;2.4;8.0;5.6;00h09m15s;8100.0;;;;;raw_irrigation_event.csv;
415;24/05/2025;09:45;09:54;01:41;1.0;1.0;ESTUFA GRA.;2.0;Irradiação;2.2;2.3;9.0;5.5;00h09m15s;7600.0;;;;;raw_irrigation_event.csv;
416;24/05/2025;11:29;11:39;01:44;1.0;1.0;ESTUFA GRA.;3.0;Irradiação;1.9;2.0;9.0;5.6;00h09m15s;7700.0;;;;;raw_irrigation_event.csv;
417;24/05/2025;12:05;12:16;00:36;1.0;1.0;ESTUFA GRA.;4.0;Irradiação;1.6;1.6;9.0;5.6;00h10m34s;7400.0;;;;;raw_irrigation_event.csv;
418;24/05/2025;13:45;13:56;01:40;1.0;1.0;ESTUFA GRA.;5.0;Irradiação;1.6;1.6;9.0;5.6;00h10m34s;7700.0;;;;;raw_irrigation_event.csv;
419;24/05/2025;14:29;14:38;00:44;1.0;1.0;ESTUFA GRA.;6.0;Irradiação;1.6;1.6;9.0;5.6;00h09m15s;7800.0;;;;;raw_irrigation_event.csv;
420;24/05/2025;15:46;15:55;01:17;1.0;1.0;ESTUFA GRA.;7.0;Irradiação;2.2;2.4;9.0;5.5;00h09m15s;8000.0;;;;;raw_irrigation_event.csv;
421;24/05/2025;16:46;16:55;01:00;1.0;1.0;ESTUFA GRA.;8.0;Irradiação;2.2;2.3;9.0;5.5;00h09m15s;7900.0;;;;;raw_irrigation_event.csv;
423;25/05/2025;10:40;10:49;17:54;1.0;1.0;ESTUFA GRA.;1.0;Cíclico;2.2;2.3;9.0;5.3;00h09m15s;8200.0;;;;;raw_irrigation_event.csv;
424;25/05/2025;11:58;12:07;01:18;1.0;1.0;ESTUFA GRA.;2.0;Irradiação;1.6;1.7;9.0;5.3;00h09m15s;8000.0;;;;;raw_irrigation_event.csv;
425;25/05/2025;13:41;13:50;01:43;1.0;1.0;ESTUFA GRA.;3.0;Irradiação;1.6;1.7;9.0;5.4;00h09m15s;8000.0;;;;;raw_irrigation_event.csv;
426;25/05/2025;14:31;14:40;00:50;1.0;1.0;ESTUFA GRA.;4.0;Irradiação;1.6;1.8;9.0;5.4;00h09m15s;8000.0;;;;;raw_irrigation_event.csv;
427;25/05/2025;15:46;15:55;01:15;1.0;1.0;ESTUFA GRA.;5.0;Irradiação;2.2;2.3;9.0;5.3;00h09m15s;8000.0;;;;;raw_irrigation_event.csv;
429;26/05/2025;08:31;08:40;16:45;1.0;1.0;ESTUFA GRA.;1.0;Irradiação;2.2;2.3;8.0;5.8;00h09m15s;8000.0;;;;;raw_irrigation_event.csv;
430;26/05/2025;10:40;10:49;02:09;1.0;1.0;ESTUFA GRA.;2.0;Cíclico;2.2;2.4;9.0;5.8;00h09m15s;7900.0;;;;;raw_irrigation_event.csv;
431;26/05/2025;12:40;12:49;02:00;1.0;1.0;ESTUFA GRA.;3.0;Cíclico;1.6;1.7;9.0;5.9;00h09m15s;7800.0;;;;;raw_irrigation_event.csv;
432;26/05/2025;17:59;18:09;05:19;1.0;1.0;ESTUFA GRA.;4.0;Manual;2.2;1.5;9.0;6.0;00h09m37s;7900.0;;;;;raw_irrigation_event.csv;
433;26/05/2025;18:09;18:26;00:10;1.0;1.0;ESTUFA GRA.;5.0;Manual;2.2;2.3;9.0;6.2;00h09m01s;3000.0;;;;;raw_irrigation_event.csv;
435;27/05/2025;10:30;10:39;16:21;1.0;1.0;ESTUFA GRA.;1.0;Irradiação;2.2;2.3;9.0;5.9;00h09m15s;8000.0;;;;;raw_irrigation_event.csv;
436;27/05/2025;11:39;11:48;01:09;1.0;1.0;ESTUFA GRA.;2.0;Irradiação;1.6;1.7;9.0;6.1;00h09m15s;7800.0;;;;;raw_irrigation_event.csv;
437;27/05/2025;12:41;12:52;01:02;1.0;1.0;ESTUFA GRA.;3.0;Irradiação;1.6;1.6;9.0;6.0;00h10m34s;7900.0;;;;;raw_irrigation_event.csv;
438;27/05/2025;13:45;13:56;01:04;1.0;1.0;ESTUFA GRA.;4.0;Irradiação;1.6;1.6;9.0;6.1;00h10m34s;7700.0;;;;;raw_irrigation_event.csv;
439;27/05/2025;14:45;14:54;01:00;1.0;1.0;ESTUFA GRA.;5.0;Irradiação;1.6;1.6;9.0;6.1;00h09m15s;7800.0;;;;;raw_irrigation_event.csv;
440;27/05/2025;15:46;15:55;01:01;1.0;1.0;ESTUFA GRA.;6.0;Irradiação;2.2;2.3;9.0;6.0;00h09m15s;7600.0;;;;;raw_irrigation_event.csv;
441;27/05/2025;17:31;17:42;01:45;1.0;1.0;ESTUFA GRA.;7.0;Manual;2.2;2.2;9.0;6.0;00h10m34s;7700.0;;;;;raw_irrigation_event.csv;
443;28/05/2025;10:27;10:36;16:56;1.0;1.0;ESTUFA GRA.;1.0;Irradiação;2.4;2.4;9.0;6.0;00h09m15s;7800.0;;;;;raw_irrigation_event.csv;
444;28/05/2025;11:36;11:46;01:09;1.0;1.0;ESTUFA GRA.;2.0;Irradiação;1.9;1.9;9.0;6.1;00h10m34s;7600.0;;;;;raw_irrigation_event.csv;
445;28/05/2025;12:38;12:47;01:02;1.0;1.0;ESTUFA GRA.;3.0;Irradiação;1.9;1.9;9.0;6.1;00h09m15s;7400.0;;;;;raw_irrigation_event.csv;
446;28/05/2025;13:42;13:52;01:04;1.0;1.0;ESTUFA GRA.;4.0;Irradiação;1.9;1.9;9.0;6.1;00h10m34s;7700.0;;;;;raw_irrigation_event.csv;
447;28/05/2025;14:43;14:53;01:01;1.0;1.0;ESTUFA GRA.;5.0;Irradiação;1.9;2.0;9.0;6.1;00h10m34s;7500.0;;;;;raw_irrigation_event.csv;
448;28/05/2025;15:42;15:52;00:59;1.0;1.0;ESTUFA GRA.;6.0;Irradiação;1.9;2.0;9.0;6.0;00h10m34s;7600.0;;;;;raw_irrigation_event.csv;
450;29/05/2025;08:12;08:21;16:30;1.0;1.0;ESTUFA GRA.;1.0;Irradiação;2.5;2.7;8.0;6.0;00h09m15s;7800.0;;;;;raw_irrigation_event.csv;
451;29/05/2025;09:52;10:01;01:40;1.0;1.0;ESTUFA GRA.;2.0;Irradiação;2.5;2.6;9.0;6.0;00h09m15s;7700.0;;;;;raw_irrigation_event.csv;
452;29/05/2025;11:36;11:56;01:44;1.0;1.0;ESTUFA GRA.;3.0;Irradiação;2.1;2.3;9.0;6.1;00h09m15s;7900.0;;;;;raw_irrigation_event.csv;
453;29/05/2025;12:22;12:32;00:46;1.0;1.0;ESTUFA GRA.;4.0;Irradiação;1.9;1.9;9.0;6.0;00h10m34s;7500.0;;;;;raw_irrigation_event.csv;
454;29/05/2025;13:45;13:55;01:23;1.0;1.0;ESTUFA GRA.;5.0;Irradiação;2.0;2.0;9.0;5.9;00h10m34s;7700.0;;;;;raw_irrigation_event.csv;
455;29/05/2025;14:36;14:45;00:51;1.0;1.0;ESTUFA GRA.;6.0;Irradiação;1.9;2.0;9.0;5.9;00h09m15s;7500.0;;;;;raw_irrigation_event.csv;
456;29/05/2025;15:53;16:03;01:17;1.0;1.0;ESTUFA GRA.;7.0;Irradiação;2.5;2.6;9.0;5.7;00h09m15s;7700.0;;;;;raw_irrigation_event.csv;
457;29/05/2025;16:57;17:05;01:04;1.0;1.0;ESTUFA GRA.;8.0;Hora Fixa;2.5;2.4;9.0;5.8;00h08m08s;5600.0;;;;;raw_irrigation_event.csv;
459;30/05/2025;10:26;10:36;17:29;1.0;1.0;ESTUFA GRA.;1.0;Irradiação;2.4;2.4;9.0;5.8;00h10m34s;7700.0;;;;;raw_irrigation_event.csv;
460;30/05/2025;11:26;11:35;01:00;1.0;1.0;ESTUFA GRA.;2.0;Irradiação;2.2;2.4;9.0;5.8;00h09m15s;7300.0;;;;;raw_irrigation_event.csv;
461;30/05/2025;12:25;12:34;00:59;1.0;1.0;ESTUFA GRA.;3.0;Irradiação;1.9;1.9;9.0;6.0;00h09m15s;7800.0;;;;;raw_irrigation_event.csv;
462;30/05/2025;13:37;13:46;01:12;1.0;1.0;ESTUFA GRA.;4.0;Irradiação;1.9;2.0;9.0;6.0;00h09m33s;7500.0;;;;;raw_irrigation_event.csv;
463;30/05/2025;14:35;14:44;00:58;1.0;1.0;ESTUFA GRA.;5.0;Irradiação;1.9;2.0;9.0;6.0;00h09m15s;7600.0;;;;;raw_irrigation_event.csv;
464;30/05/2025;15:38;15:47;01:03;1.0;1.0;ESTUFA GRA.;6.0;Irradiação;1.9;2.1;9.0;5.9;00h09m15s;7600.0;;;;;raw_irrigation_event.csv;
465;30/05/2025;16:55;17:03;01:17;1.0;1.0;ESTUFA GRA.;7.0;Hora Fixa;2.5;2.5;9.0;5.8;00h08m08s;5300.0;;;;;raw_irrigation_event.csv;
467;31/05/2025;08:54;09:05;15:59;1.0;1.0;ESTUFA GRA.;1.0;Irradiação;2.5;2.5;8.0;5.9;00h10m34s;7700.0;;;;;raw_irrigation_event.csv;
468;31/05/2025;10:26;10:35;01:32;1.0;1.0;ESTUFA GRA.;2.0;Irradiação;2.5;2.5;9.0;5.9;00h09m15s;7600.0;;;;;raw_irrigation_event.csv;
469;31/05/2025;11:26;11:36;01:00;1.0;1.0;ESTUFA GRA.;3.0;Irradiação;2.3;2.3;9.0;5.8;00h10m34s;7800.0;;;;;raw_irrigation_event.csv;
470;31/05/2025;12:27;12:36;01:01;1.0;1.0;ESTUFA GRA.;4.0;Irradiação;1.9;1.9;9.0;6.0;00h09m22s;7500.0;;;;;raw_irrigation_event.csv;
471;31/05/2025;13:37;13:47;01:10;1.0;1.0;ESTUFA GRA.;5.0;Irradiação;1.9;2.0;9.0;6.0;00h10m34s;7600.0;;;;;raw_irrigation_event.csv;
472;31/05/2025;15:03;15:14;01:26;1.0;1.0;ESTUFA GRA.;6.0;Irradiação;1.9;2.0;9.0;6.0;00h10m34s;7600.0;;;;;raw_irrigation_event.csv;
473;31/05/2025;16:13;16:24;01:10;1.0;1.0;ESTUFA GRA.;7.0;Irradiação;2.5;2.5;9.0;5.7;00h10m34s;7600.0;;;;;raw_irrigation_event.csv;
474;31/05/2025;17:00;17:07;00:47;1.0;1.0;ESTUFA GRA.;8.0;Hora Fixa;2.5;2.6;9.0;5.7;00h06m49s;5400.0;;;;;raw_irrigation_event.csv;
476;01/06/2025;07:22;07:29;14:22;1.0;1.0;ESTUFA GRA.;1.0;Hora Fixa;2.5;2.5;8.0;5.8;00h06m49s;5500.0;;;;;raw_irrigation_event.csv;
477;01/06/2025;10:08;10:19;02:46;1.0;1.0;ESTUFA GRA.;2.0;Irradiação;2.5;2.5;9.0;5.8;00h10m34s;7700.0;;;;;raw_irrigation_event.csv;
478;01/06/2025;11:35;11:44;01:27;1.0;1.0;ESTUFA GRA.;3.0;Irradiação;2.5;2.5;9.0;5.8;00h09m15s;7600.0;;;;;raw_irrigation_event.csv;
479;01/06/2025;13:30;13:41;01:55;1.0;1.0;ESTUFA GRA.;4.0;Irradiação;2.5;2.5;9.0;5.8;00h10m34s;7600.0;;;;;raw_irrigation_event.csv;
481;02/06/2025;07:22;07:29;17:52;1.0;1.0;ESTUFA GRA.;1.0;Hora Fixa;2.5;2.4;8.0;5.9;00h06m49s;5500.0;;;;;raw_irrigation_event.csv;
482;02/06/2025;11:40;11:51;04:18;1.0;1.0;ESTUFA GRA.;2.0;Cíclico;2.5;2.5;9.0;5.8;00h10m34s;7500.0;;;;;raw_irrigation_event.csv;
483;02/06/2025;13:51;14:01;02:11;1.0;1.0;ESTUFA GRA.;3.0;Cíclico;2.5;2.5;9.0;5.8;00h10m34s;7600.0;;;;;raw_irrigation_event.csv;
484;02/06/2025;15:48;15:59;01:57;1.0;1.0;ESTUFA GRA.;4.0;Irradiação;2.5;2.6;9.0;5.6;00h10m34s;7700.0;;;;;raw_irrigation_event.csv;
485;02/06/2025;16:50;17:00;01:02;1.0;1.0;ESTUFA GRA.;5.0;Hora Fixa;2.5;2.6;9.0;5.5;00h10m34s;7600.0;;;;;raw_irrigation_event.csv;
487;03/06/2025;07:24;07:33;14:34;1.0;1.0;ESTUFA GRA.;1.0;Hora Fixa;2.5;2.6;8.0;5.8;00h09m15s;7200.0;;;;;raw_irrigation_event.csv;
488;03/06/2025;09:58;10:07;02:34;1.0;1.0;ESTUFA GRA.;2.0;Irradiação;2.5;2.6;9.0;5.8;00h09m15s;7400.0;;;;;raw_irrigation_event.csv;
489;03/06/2025;11:14;11:23;01:16;1.0;1.0;ESTUFA GRA.;3.0;Irradiação;2.3;2.4;9.0;5.9;00h09m15s;7400.0;;;;;raw_irrigation_event.csv;
490;03/06/2025;12:21;12:30;01:07;1.0;1.0;ESTUFA GRA.;4.0;Irradiação;1.7;1.7;9.0;6.2;00h09m15s;7600.0;;;;;raw_irrigation_event.csv;
491;03/06/2025;13:33;13:42;01:12;1.0;1.0;ESTUFA GRA.;5.0;Irradiação;1.7;1.7;9.0;6.2;00h09m15s;7600.0;;;;;raw_irrigation_event.csv;
492;03/06/2025;14:28;14:37;00:55;1.0;1.0;ESTUFA GRA.;6.0;Irradiação;1.7;1.7;9.0;6.2;00h09m15s;7300.0;;;;;raw_irrigation_event.csv;
493;03/06/2025;15:41;15:50;01:13;1.0;1.0;ESTUFA GRA.;7.0;Irradiação;2.0;2.2;9.0;6.0;00h09m15s;7500.0;;;;;raw_irrigation_event.csv;
494;03/06/2025;16:50;16:59;01:09;1.0;1.0;ESTUFA GRA.;8.0;Hora Fixa;2.5;2.7;9.0;5.8;00h09m15s;7200.0;;;;;raw_irrigation_event.csv;
496;04/06/2025;07:24;07:33;14:34;1.0;1.0;ESTUFA GRA.;1.0;Hora Fixa;2.5;2.6;8.0;5.9;00h09m15s;7300.0;;;;;raw_irrigation_event.csv;
497;04/06/2025;10:54;11:04;03:30;1.0;1.0;ESTUFA GRA.;2.0;Cíclico;2.5;2.5;9.0;5.8;00h10m34s;7600.0;;;;;raw_irrigation_event.csv;
498;04/06/2025;12:54;13:04;02:00;1.0;1.0;ESTUFA GRA.;3.0;Cíclico;2.5;2.5;9.0;5.8;00h10m34s;7400.0;;;;;raw_irrigation_event.csv;
499;04/06/2025;14:05;14:14;01:11;1.0;1.0;ESTUFA GRA.;4.0;Irradiação;1.7;1.8;9.0;6.1;00h09m15s;7500.0;;;;;raw_irrigation_event.csv;
500;04/06/2025;15:19;15:28;01:14;1.0;1.0;ESTUFA GRA.;5.0;Irradiação;1.7;1.7;9.0;6.1;00h09m15s;7000.0;;;;;raw_irrigation_event.csv;
501;04/06/2025;16:31;16:41;01:12;1.0;1.0;ESTUFA GRA.;6.0;Irradiação;2.5;2.7;9.0;5.7;00h09m15s;7400.0;;;;;raw_irrigation_event.csv;
502;04/06/2025;16:50;16:59;00:19;1.0;1.0;ESTUFA GRA.;7.0;Hora Fixa;2.5;2.5;9.0;5.8;00h09m15s;7200.0;;;;;raw_irrigation_event.csv;
504;05/06/2025;07:24;07:33;14:34;1.0;1.0;ESTUFA GRA.;1.0;Hora Fixa;2.5;2.6;8.0;5.8;00h09m15s;7100.0;;;;;raw_irrigation_event.csv;
505;05/06/2025;10:34;10:44;03:10;1.0;1.0;ESTUFA GRA.;2.0;Irradiação;2.5;2.7;9.0;5.8;00h09m15s;7000.0;;;;;raw_irrigation_event.csv;
506;05/06/2025;12:36;12:46;02:02;1.0;1.0;ESTUFA GRA.;3.0;Irradiação;1.7;1.7;9.0;6.0;00h09m15s;7600.0;;;;;raw_irrigation_event.csv;
507;05/06/2025;13:21;13:30;00:45;1.0;1.0;ESTUFA GRA.;4.0;Irradiação;1.7;1.8;9.0;6.0;00h09m15s;7300.0;;;;;raw_irrigation_event.csv;
508;05/06/2025;14:24;14:34;01:03;1.0;1.0;ESTUFA GRA.;5.0;Irradiação;1.7;1.7;9.0;6.0;00h09m15s;7000.0;;;;;raw_irrigation_event.csv;
509;05/06/2025;15:38;15:51;01:14;1.0;1.0;ESTUFA GRA.;6.0;Irradiação;1.7;1.7;9.0;6.1;00h10m34s;7400.0;;;;;raw_irrigation_event.csv;
510;05/06/2025;17:44;18:32;02:06;1.0;1.0;ESTUFA GRA.;7.0;Manual;2.5;2.2;9.0;6.0;00h17m13s;7300.0;;;;;raw_irrigation_event.csv;
512;06/06/2025;08:25;08:34;14:41;1.0;1.0;ESTUFA GRA.;1.0;Pontual;2.5;2.7;8.0;5.3;00h09m15s;7100.0;;;;;raw_irrigation_event.csv;
513;06/06/2025;10:18;10:27;01:53;1.0;1.0;ESTUFA GRA.;2.0;Irradiação;2.5;2.5;9.0;5.5;00h09m15s;7100.0;;;;;raw_irrigation_event.csv;
514;06/06/2025;12:15;12:25;01:57;1.0;1.0;ESTUFA GRA.;3.0;Irradiação;1.7;1.8;9.0;6.0;00h10m34s;7200.0;;;;;raw_irrigation_event.csv;
515;06/06/2025;13:06;13:15;00:51;1.0;1.0;ESTUFA GRA.;4.0;Irradiação;1.7;1.8;9.0;6.0;00h09m15s;7500.0;;;;;raw_irrigation_event.csv;
516;06/06/2025;13:59;14:08;00:53;1.0;1.0;ESTUFA GRA.;5.0;Irradiação;1.7;1.8;9.0;6.0;00h09m15s;7800.0;;;;;raw_irrigation_event.csv;
517;06/06/2025;14:50;14:59;00:51;1.0;1.0;ESTUFA GRA.;6.0;Irradiação;1.7;1.7;9.0;6.1;00h09m15s;7800.0;;;;;raw_irrigation_event.csv;
518;06/06/2025;15:58;16:08;01:08;1.0;1.0;ESTUFA GRA.;7.0;Irradiação;2.5;2.5;9.0;5.4;00h10m34s;7800.0;;;;;raw_irrigation_event.csv;
519;06/06/2025;16:52;17:03;00:54;1.0;1.0;ESTUFA GRA.;8.0;Hora Fixa;2.5;2.7;9.0;5.2;00h10m34s;7400.0;;;;;raw_irrigation_event.csv;
521;07/06/2025;07:26;07:35;14:34;1.0;1.0;ESTUFA GRA.;1.0;Hora Fixa;2.5;2.6;8.0;5.5;00h09m15s;7300.0;;;;;raw_irrigation_event.csv;
522;07/06/2025;09:42;09:51;02:16;1.0;1.0;ESTUFA GRA.;2.0;Irradiação;2.5;2.6;9.0;5.5;00h09m15s;7400.0;;;;;raw_irrigation_event.csv;
523;07/06/2025;10:55;11:04;01:13;1.0;1.0;ESTUFA GRA.;3.0;Irradiação;2.2;2.5;9.0;5.6;00h09m15s;7500.0;;;;;raw_irrigation_event.csv;
524;07/06/2025;12:01;12:10;01:06;1.0;1.0;ESTUFA GRA.;4.0;Irradiação;1.7;1.8;9.0;6.0;00h09m15s;7400.0;;;;;raw_irrigation_event.csv;
525;07/06/2025;13:08;13:17;01:07;1.0;1.0;ESTUFA GRA.;5.0;Irradiação;1.7;1.8;9.0;6.0;00h09m15s;7600.0;;;;;raw_irrigation_event.csv;
526;07/06/2025;14:11;14:20;01:03;1.0;1.0;ESTUFA GRA.;6.0;Irradiação;1.7;1.8;9.0;6.0;00h09m15s;7600.0;;;;;raw_irrigation_event.csv;
527;07/06/2025;15:12;15:21;01:01;1.0;1.0;ESTUFA GRA.;7.0;Irradiação;1.7;1.8;9.0;6.0;00h09m15s;7600.0;;;;;raw_irrigation_event.csv;
528;07/06/2025;16:12;16:21;01:00;1.0;1.0;ESTUFA GRA.;8.0;Irradiação;2.5;2.5;9.0;5.4;00h09m15s;7700.0;;;;;raw_irrigation_event.csv;
529;07/06/2025;16:50;17:00;00:38;1.0;1.0;ESTUFA GRA.;9.0;Hora Fixa;2.5;2.5;9.0;5.6;00h10m34s;7500.0;;;;;raw_irrigation_event.csv;
531;08/06/2025;07:26;07:35;14:36;1.0;1.0;ESTUFA GRA.;1.0;Hora Fixa;2.5;2.6;8.0;5.5;00h09m15s;7900.0;;;;;raw_irrigation_event.csv;
532;08/06/2025;09:50;09:59;02:24;1.0;1.0;ESTUFA GRA.;2.0;Irradiação;2.5;2.6;9.0;5.5;00h09m15s;7900.0;;;;;raw_irrigation_event.csv;
533;08/06/2025;11:08;11:17;01:18;1.0;1.0;ESTUFA GRA.;3.0;Irradiação;2.3;2.5;9.0;5.6;00h09m15s;8300.0;;;;;raw_irrigation_event.csv;
534;08/06/2025;12:14;12:24;01:06;1.0;1.0;ESTUFA GRA.;4.0;Irradiação;1.7;1.8;9.0;6.1;00h09m15s;8000.0;;;;;raw_irrigation_event.csv;
535;08/06/2025;13:17;13:26;01:03;1.0;1.0;ESTUFA GRA.;5.0;Irradiação;1.7;1.8;9.0;6.1;00h09m15s;7800.0;;;;;raw_irrigation_event.csv;
536;08/06/2025;14:21;14:30;01:04;1.0;1.0;ESTUFA GRA.;6.0;Irradiação;1.7;1.8;9.0;6.1;00h09m15s;7900.0;;;;;raw_irrigation_event.csv;
537;08/06/2025;15:22;15:31;01:01;1.0;1.0;ESTUFA GRA.;7.0;Irradiação;1.7;1.8;9.0;6.1;00h09m15s;7900.0;;;;;raw_irrigation_event.csv;
538;08/06/2025;16:23;16:32;01:01;1.0;1.0;ESTUFA GRA.;8.0;Irradiação;2.5;2.7;9.0;5.3;00h09m15s;8000.0;;;;;raw_irrigation_event.csv;
539;08/06/2025;16:50;16:59;00:27;1.0;1.0;ESTUFA GRA.;9.0;Hora Fixa;2.5;2.7;9.0;5.3;00h09m15s;7900.0;;;;;raw_irrigation_event.csv;
541;09/06/2025;07:26;07:35;14:36;1.0;1.0;ESTUFA GRA.;1.0;Hora Fixa;2.5;2.6;8.0;5.6;00h09m15s;7900.0;;;;;raw_irrigation_event.csv;
542;09/06/2025;10:06;10:16;02:40;1.0;1.0;ESTUFA GRA.;2.0;Irradiação;2.5;2.7;9.0;5.6;00h09m15s;7900.0;;;;;raw_irrigation_event.csv;
543;09/06/2025;11:54;12:04;01:48;1.0;1.0;ESTUFA GRA.;3.0;Irradiação;1.7;2.0;9.0;6.0;00h09m15s;7600.0;;;;;raw_irrigation_event.csv;
544;09/06/2025;13:34;13:44;01:40;1.0;1.0;ESTUFA GRA.;4.0;Irradiação;2.5;2.8;9.0;5.4;00h09m15s;7100.0;;;;;raw_irrigation_event.csv;
545;09/06/2025;14:59;15:09;01:25;1.0;1.0;ESTUFA GRA.;5.0;Irradiação;1.7;1.8;9.0;6.1;00h09m15s;7600.0;;;;;raw_irrigation_event.csv;
546;09/06/2025;16:03;16:13;01:04;1.0;1.0;ESTUFA GRA.;6.0;Irradiação;2.5;2.7;9.0;5.4;00h09m15s;7600.0;;;;;raw_irrigation_event.csv;
547;09/06/2025;16:50;16:59;00:47;1.0;1.0;ESTUFA GRA.;7.0;Hora Fixa;2.5;2.6;9.0;5.7;00h09m15s;7500.0;;;;;raw_irrigation_event.csv;
549;10/06/2025;07:26;07:35;14:36;1.0;1.0;ESTUFA GRA.;1.0;Hora Fixa;2.5;2.6;8.0;5.6;00h09m15s;7700.0;;;;;raw_irrigation_event.csv;
550;10/06/2025;10:43;10:52;03:17;1.0;1.0;ESTUFA GRA.;2.0;Irradiação;2.5;2.6;9.0;5.7;00h09m15s;7700.0;;;;;raw_irrigation_event.csv;
551;10/06/2025;13:06;13:17;02:23;1.0;1.0;ESTUFA GRA.;3.0;Irradiação;2.5;2.5;9.0;5.6;00h10m34s;7500.0;;;;;raw_irrigation_event.csv;
552;10/06/2025;13:57;14:08;00:51;1.0;1.0;ESTUFA GRA.;4.0;Irradiação;2.3;2.4;9.0;5.7;00h10m34s;7600.0;;;;;raw_irrigation_event.csv;
553;10/06/2025;15:46;15:55;01:49;1.0;1.0;ESTUFA GRA.;5.0;Irradiação;2.5;2.8;9.0;5.3;00h09m15s;7500.0;;;;;raw_irrigation_event.csv;
554;10/06/2025;16:58;17:08;01:12;1.0;1.0;ESTUFA GRA.;6.0;Hora Fixa;2.5;2.5;9.0;5.5;00h10m34s;7400.0;;;;;raw_irrigation_event.csv;
556;11/06/2025;07:26;07:35;14:28;1.0;1.0;ESTUFA GRA.;1.0;Hora Fixa;2.5;2.6;8.0;5.3;00h09m15s;7700.0;;;;;raw_irrigation_event.csv;
557;11/06/2025;10:48;10:58;03:22;1.0;1.0;ESTUFA GRA.;2.0;Irradiação;2.1;2.2;9.0;5.8;00h09m15s;7500.0;;;;;raw_irrigation_event.csv;
558;11/06/2025;11:55;12:04;01:07;1.0;1.0;ESTUFA GRA.;3.0;Irradiação;1.7;1.8;9.0;6.1;00h09m15s;7300.0;;;;;raw_irrigation_event.csv;
559;11/06/2025;13:12;13:21;01:17;1.0;1.0;ESTUFA GRA.;4.0;Irradiação;1.9;2.1;9.0;5.9;00h09m15s;7700.0;;;;;raw_irrigation_event.csv;
560;11/06/2025;14:56;15:05;01:44;1.0;1.0;ESTUFA GRA.;5.0;Irradiação;1.7;1.7;9.0;6.2;00h09m22s;7400.0;;;;;raw_irrigation_event.csv;
561;11/06/2025;16:05;16:14;01:09;1.0;1.0;ESTUFA GRA.;6.0;Irradiação;2.5;2.8;9.0;5.1;00h09m15s;7600.0;;;;;raw_irrigation_event.csv;
562;11/06/2025;16:50;16:59;00:45;1.0;1.0;ESTUFA GRA.;7.0;Hora Fixa;2.5;2.6;9.0;5.3;00h09m15s;7600.0;;;;;raw_irrigation_event.csv;
564;12/06/2025;07:34;07:45;14:44;1.0;1.0;ESTUFA GRA.;1.0;Hora Fixa;2.5;2.5;8.0;5.3;00h10m51s;9000.0;;;;;raw_irrigation_event.csv;
565;12/06/2025;10:21;10:30;02:47;1.0;1.0;ESTUFA GRA.;2.0;Irradiação;2.5;2.6;9.0;5.3;00h09m15s;7600.0;;;;;raw_irrigation_event.csv;
566;12/06/2025;12:06;12:16;01:45;1.0;1.0;ESTUFA GRA.;3.0;Irradiação;2.5;2.5;9.0;5.4;00h10m34s;7600.0;;;;;raw_irrigation_event.csv;
567;12/06/2025;13:19;13:28;01:13;1.0;1.0;ESTUFA GRA.;4.0;Irradiação;2.5;2.8;9.0;5.0;00h09m15s;7600.0;;;;;raw_irrigation_event.csv;
568;12/06/2025;15:09;15:18;01:50;1.0;1.0;ESTUFA GRA.;5.0;Irradiação;1.7;1.8;9.0;6.0;00h09m15s;8100.0;;;;;raw_irrigation_event.csv;
569;12/06/2025;16:24;16:34;01:15;1.0;1.0;ESTUFA GRA.;6.0;Irradiação;2.5;2.5;9.0;5.3;00h09m15s;8400.0;;;;;raw_irrigation_event.csv;
570;12/06/2025;18:14;18:50;01:50;1.0;1.0;ESTUFA GRA.;7.0;Manual;2.5;2.2;9.0;5.8;00h17m13s;8100.0;;;;;raw_irrigation_event.csv;
572;13/06/2025;07:26;07:35;13:12;1.0;1.0;ESTUFA GRA.;1.0;Hora Fixa;2.5;2.6;8.0;5.2;00h09m15s;7300.0;;;;;raw_irrigation_event.csv;
573;13/06/2025;10:19;10:28;02:53;1.0;1.0;ESTUFA GRA.;2.0;Irradiação;2.5;2.6;9.0;5.2;00h09m15s;7400.0;;;;;raw_irrigation_event.csv;
574;13/06/2025;11:49;12:00;01:30;1.0;1.0;ESTUFA GRA.;3.0;Irradiação;2.5;2.5;9.0;5.3;00h10m34s;7100.0;;;;;raw_irrigation_event.csv;
575;13/06/2025;13:49;13:58;02:00;1.0;1.0;ESTUFA GRA.;4.0;Irradiação;2.5;2.6;9.0;5.2;00h09m15s;7200.0;;;;;raw_irrigation_event.csv;
576;13/06/2025;16:50;17:00;03:01;1.0;1.0;ESTUFA GRA.;5.0;Hora Fixa;2.5;2.6;9.0;5.5;00h10m34s;7500.0;;;;;raw_irrigation_event.csv;
578;14/06/2025;07:28;07:37;14:38;1.0;1.0;ESTUFA GRA.;1.0;Hora Fixa;2.5;2.7;8.0;5.4;00h09m15s;7400.0;;;;;raw_irrigation_event.csv;
579;14/06/2025;10:22;10:31;02:54;1.0;1.0;ESTUFA GRA.;2.0;Irradiação;2.1;2.3;9.0;5.8;00h09m15s;7600.0;;;;;raw_irrigation_event.csv;
580;14/06/2025;11:22;11:31;01:00;1.0;1.0;ESTUFA GRA.;3.0;Irradiação;2.1;2.3;9.0;5.7;00h09m15s;7600.0;;;;;raw_irrigation_event.csv;
581;14/06/2025;12:29;12:38;01:07;1.0;1.0;ESTUFA GRA.;4.0;Irradiação;1.7;1.8;9.0;6.0;00h09m15s;7600.0;;;;;raw_irrigation_event.csv;
582;14/06/2025;13:35;13:44;01:06;1.0;1.0;ESTUFA GRA.;5.0;Irradiação;2.5;2.5;9.0;5.6;00h09m15s;7600.0;;;;;raw_irrigation_event.csv;
583;14/06/2025;15:03;15:12;01:28;1.0;1.0;ESTUFA GRA.;6.0;Irradiação;1.7;1.8;9.0;6.0;00h09m15s;7500.0;;;;;raw_irrigation_event.csv;
584;14/06/2025;16:07;16:16;01:04;1.0;1.0;ESTUFA GRA.;7.0;Irradiação;2.5;2.6;9.0;5.4;00h09m15s;7400.0;;;;;raw_irrigation_event.csv;
585;14/06/2025;16:50;17:00;00:43;1.0;1.0;ESTUFA GRA.;8.0;Hora Fixa;2.5;2.6;9.0;5.0;00h10m34s;7600.0;;;;;raw_irrigation_event.csv;
587;15/06/2025;07:28;07:37;14:38;1.0;1.0;ESTUFA GRA.;1.0;Hora Fixa;2.6;2.8;8.0;4.7;00h09m15s;7600.0;;;;;raw_irrigation_event.csv;
588;15/06/2025;09:28;09:37;02:00;1.0;1.0;ESTUFA GRA.;2.0;Irradiação;2.6;2.8;8.0;4.8;00h09m15s;7500.0;;;;;raw_irrigation_event.csv;
589;15/06/2025;10:28;10:37;01:00;1.0;1.0;ESTUFA GRA.;3.0;Irradiação;2.3;2.4;9.0;5.4;00h09m15s;7700.0;;;;;raw_irrigation_event.csv;
590;15/06/2025;11:28;11:37;01:00;1.0;1.0;ESTUFA GRA.;4.0;Irradiação;2.1;2.3;9.0;5.4;00h09m15s;7600.0;;;;;raw_irrigation_event.csv;
591;15/06/2025;12:26;12:35;00:58;1.0;1.0;ESTUFA GRA.;5.0;Irradiação;1.7;1.8;9.0;5.9;00h09m15s;7600.0;;;;;raw_irrigation_event.csv;
592;15/06/2025;13:26;13:35;01:00;1.0;1.0;ESTUFA GRA.;6.0;Irradiação;1.7;1.8;9.0;5.9;00h09m15s;7600.0;;;;;raw_irrigation_event.csv;
593;15/06/2025;14:28;14:37;01:02;1.0;1.0;ESTUFA GRA.;7.0;Irradiação;1.7;1.8;9.0;5.9;00h09m15s;7400.0;;;;;raw_irrigation_event.csv;
594;15/06/2025;15:28;15:37;01:00;1.0;1.0;ESTUFA GRA.;8.0;Irradiação;1.7;1.8;9.0;5.9;00h09m15s;7600.0;;;;;raw_irrigation_event.csv;
595;15/06/2025;16:50;16:59;01:22;1.0;1.0;ESTUFA GRA.;9.0;Hora Fixa;2.5;2.8;9.0;4.6;00h09m15s;7700.0;;;;;raw_irrigation_event.csv;
597;16/06/2025;07:28;07:37;14:38;1.0;1.0;ESTUFA GRA.;1.0;Hora Fixa;2.6;2.8;8.0;4.5;00h09m15s;7700.0;;;;;raw_irrigation_event.csv;
598;16/06/2025;09:28;09:37;02:00;1.0;1.0;ESTUFA GRA.;2.0;Irradiação;2.6;2.7;8.0;5.0;00h09m15s;7600.0;;;;;raw_irrigation_event.csv;
599;16/06/2025;10:34;10:44;01:06;1.0;1.0;ESTUFA GRA.;3.0;Irradiação;2.5;2.6;9.0;5.0;00h09m15s;7500.0;;;;;raw_irrigation_event.csv;
600;16/06/2025;11:47;11:56;01:13;1.0;1.0;ESTUFA GRA.;4.0;Irradiação;1.7;1.9;9.0;5.9;00h09m15s;7800.0;;;;;raw_irrigation_event.csv;
601;16/06/2025;12:51;13:00;01:04;1.0;1.0;ESTUFA GRA.;5.0;Irradiação;1.7;1.8;9.0;5.9;00h09m15s;7600.0;;;;;raw_irrigation_event.csv;
602;16/06/2025;13:54;14:03;01:03;1.0;1.0;ESTUFA GRA.;6.0;Irradiação;1.7;1.8;9.0;5.9;00h09m15s;7900.0;;;;;raw_irrigation_event.csv;
603;16/06/2025;14:57;15:06;01:03;1.0;1.0;ESTUFA GRA.;7.0;Irradiação;1.7;1.8;9.0;5.9;00h09m15s;7800.0;;;;;raw_irrigation_event.csv;
604;16/06/2025;15:57;16:06;01:00;1.0;1.0;ESTUFA GRA.;8.0;Irradiação;2.5;2.6;9.0;5.4;00h09m15s;7500.0;;;;;raw_irrigation_event.csv;
605;16/06/2025;16:56;17:05;00:59;1.0;1.0;ESTUFA GRA.;9.0;Hora Fixa;2.5;2.6;9.0;5.4;00h09m15s;7700.0;;;;;raw_irrigation_event.csv;
607;17/06/2025;07:28;07:37;14:32;1.0;1.0;ESTUFA GRA.;1.0;Hora Fixa;2.6;2.7;8.0;5.4;00h09m15s;7700.0;;;;;raw_irrigation_event.csv;
608;17/06/2025;09:49;09:58;02:21;1.0;1.0;ESTUFA GRA.;2.0;Irradiação;2.5;2.6;9.0;5.4;00h09m15s;7700.0;;;;;raw_irrigation_event.csv;
609;17/06/2025;11:12;11:21;01:23;1.0;1.0;ESTUFA GRA.;3.0;Irradiação;2.5;2.7;9.0;5.4;00h09m15s;7700.0;;;;;raw_irrigation_event.csv;
610;17/06/2025;12:22;12:31;01:10;1.0;1.0;ESTUFA GRA.;4.0;Irradiação;1.7;1.8;9.0;5.9;00h09m15s;7600.0;;;;;raw_irrigation_event.csv;
611;17/06/2025;13:25;13:34;01:03;1.0;1.0;ESTUFA GRA.;5.0;Irradiação;1.8;2.0;9.0;5.8;00h09m15s;7600.0;;;;;raw_irrigation_event.csv;
612;17/06/2025;14:31;14:40;01:06;1.0;1.0;ESTUFA GRA.;6.0;Irradiação;1.7;1.8;9.0;5.9;00h09m15s;7900.0;;;;;raw_irrigation_event.csv;
613;17/06/2025;15:33;15:42;01:02;1.0;1.0;ESTUFA GRA.;7.0;Irradiação;1.7;1.8;9.0;5.9;00h09m15s;7600.0;;;;;raw_irrigation_event.csv;
614;17/06/2025;16:52;17:03;01:19;1.0;1.0;ESTUFA GRA.;8.0;Hora Fixa;2.5;2.5;9.0;5.3;00h10m34s;7500.0;;;;;raw_irrigation_event.csv;
616;18/06/2025;07:28;07:37;14:36;1.0;1.0;ESTUFA GRA.;1.0;Hora Fixa;2.6;2.6;8.0;4.8;00h09m15s;7600.0;;;;;raw_irrigation_event.csv;
617;18/06/2025;11:00;11:10;03:32;1.0;1.0;ESTUFA GRA.;2.0;Cíclico;2.3;2.4;9.0;5.3;00h09m15s;7400.0;;;;;raw_irrigation_event.csv;
618;18/06/2025;12:17;12:27;01:17;1.0;1.0;ESTUFA GRA.;3.0;Irradiação;1.9;1.9;9.0;5.8;00h09m15s;7700.0;;;;;raw_irrigation_event.csv;
619;18/06/2025;13:43;13:54;01:26;1.0;1.0;ESTUFA GRA.;4.0;Irradiação;2.5;2.5;9.0;4.8;00h10m34s;7700.0;;;;;raw_irrigation_event.csv;
620;18/06/2025;15:39;15:49;01:56;1.0;1.0;ESTUFA GRA.;5.0;Irradiação;1.7;1.8;9.0;5.8;00h09m15s;7500.0;;;;;raw_irrigation_event.csv;
621;18/06/2025;16:50;16:59;01:11;1.0;1.0;ESTUFA GRA.;6.0;Hora Fixa;2.5;2.7;9.0;4.7;00h09m15s;7600.0;;;;;raw_irrigation_event.csv;
623;19/06/2025;07:29;07:38;14:39;1.0;1.0;ESTUFA GRA.;1.0;Hora Fixa;2.6;2.7;8.0;5.0;00h09m15s;7700.0;;;;;raw_irrigation_event.csv;
624;19/06/2025;11:02;11:11;03:33;1.0;1.0;ESTUFA GRA.;2.0;Cíclico;2.5;2.6;9.0;5.1;00h09m15s;7700.0;;;;;raw_irrigation_event.csv;
625;19/06/2025;13:02;13:11;02:00;1.0;1.0;ESTUFA GRA.;3.0;Cíclico;1.7;1.9;9.0;5.8;00h09m15s;7800.0;;;;;raw_irrigation_event.csv;
626;19/06/2025;15:35;15:45;02:33;1.0;1.0;ESTUFA GRA.;4.0;Irradiação;1.7;1.7;9.0;6.0;00h10m34s;8000.0;;;;;raw_irrigation_event.csv;
627;19/06/2025;16:50;17:00;01:15;1.0;1.0;ESTUFA GRA.;5.0;Hora Fixa;2.5;2.5;9.0;5.1;00h10m34s;8100.0;;;;;raw_irrigation_event.csv;
629;20/06/2025;07:31;07:43;14:41;1.0;1.0;ESTUFA GRA.;1.0;Hora Fixa;2.7;2.8;8.0;5.1;00h12m27s;11200.0;;;;;raw_irrigation_event.csv;
630;20/06/2025;10:06;10:15;02:35;1.0;1.0;ESTUFA GRA.;2.0;Irradiação;2.6;2.6;9.0;5.3;00h09m15s;8200.0;;;;;raw_irrigation_event.csv;
631;20/06/2025;11:26;11:35;01:20;1.0;1.0;ESTUFA GRA.;3.0;Irradiação;2.4;2.4;9.0;5.5;00h09m15s;8100.0;;;;;raw_irrigation_event.csv;
632;20/06/2025;12:32;12:42;01:06;1.0;1.0;ESTUFA GRA.;4.0;Irradiação;1.8;1.8;9.0;6.0;00h10m34s;7800.0;;;;;raw_irrigation_event.csv;
633;20/06/2025;13:36;13:46;01:04;1.0;1.0;ESTUFA GRA.;5.0;Irradiação;1.8;1.7;9.0;6.0;00h10m34s;7500.0;;;;;raw_irrigation_event.csv;
634;20/06/2025;14:40;14:50;01:04;1.0;1.0;ESTUFA GRA.;6.0;Irradiação;2.1;2.2;9.0;5.6;00h10m34s;7000.0;;;;;raw_irrigation_event.csv;
635;20/06/2025;15:41;15:50;01:01;1.0;1.0;ESTUFA GRA.;7.0;Irradiação;1.8;1.9;9.0;5.9;00h09m15s;7500.0;;;;;raw_irrigation_event.csv;
636;20/06/2025;17:13;17:22;01:32;1.0;1.0;ESTUFA GRA.;8.0;Pontual;2.6;2.7;9.0;5.2;00h09m15s;7200.0;;;;;raw_irrigation_event.csv;
637;20/06/2025;17:41;17:50;00:28;1.0;1.0;ESTUFA GRA.;9.0;Hora Fixa;2.6;2.6;9.0;5.3;00h09m15s;7300.0;;;;;raw_irrigation_event.csv;
639;21/06/2025;07:31;07:43;13:50;1.0;1.0;ESTUFA GRA.;1.0;Hora Fixa;2.7;2.7;8.0;4.9;00h12m27s;10300.0;;;;;raw_irrigation_event.csv;
640;21/06/2025;09:53;10:05;02:22;1.0;1.0;ESTUFA GRA.;2.0;Irradiação;2.6;2.6;9.0;4.8;00h10m34s;7700.0;;;;;raw_irrigation_event.csv;
641;21/06/2025;11:17;11:27;01:24;1.0;1.0;ESTUFA GRA.;3.0;Irradiação;2.2;2.2;9.0;5.4;00h10m34s;7800.0;;;;;raw_irrigation_event.csv;
642;21/06/2025;12:21;12:31;01:04;1.0;1.0;ESTUFA GRA.;4.0;Irradiação;1.8;2.0;9.0;5.7;00h10m34s;7700.0;;;;;raw_irrigation_event.csv;
643;21/06/2025;13:30;13:40;01:09;1.0;1.0;ESTUFA GRA.;5.0;Irradiação;1.8;1.8;9.0;5.9;00h09m15s;7600.0;;;;;raw_irrigation_event.csv;
644;21/06/2025;14:40;14:51;01:10;1.0;1.0;ESTUFA GRA.;6.0;Irradiação;1.8;1.9;9.0;5.7;00h10m34s;7700.0;;;;;raw_irrigation_event.csv;
645;21/06/2025;15:45;15:56;01:05;1.0;1.0;ESTUFA GRA.;7.0;Irradiação;2.6;2.7;9.0;4.9;00h10m34s;7600.0;;;;;raw_irrigation_event.csv;
646;21/06/2025;17:50;18:03;02:05;1.0;1.0;ESTUFA GRA.;8.0;Pontual;2.6;1.8;9.0;6.0;00h11m41s;5200.0;;;;;raw_irrigation_event.csv;
647;21/06/2025;18:09;18:20;00:19;1.0;1.0;ESTUFA GRA.;9.0;Manual;2.6;2.2;9.0;6.1;00h09m22s;3000.0;;;;;raw_irrigation_event.csv;
649;22/06/2025;07:28;07:42;13:19;1.0;1.0;ESTUFA GRA.;1.0;Hora Fixa;2.7;2.9;8.0;4.8;00h13m46s;9700.0;;;;;raw_irrigation_event.csv;
650;22/06/2025;09:28;09:38;02:00;1.0;1.0;ESTUFA GRA.;2.0;Irradiação;2.7;3.0;8.0;4.8;00h10m28s;7400.0;;;;;raw_irrigation_event.csv;
651;22/06/2025;10:51;11:02;01:23;1.0;1.0;ESTUFA GRA.;3.0;Irradiação;2.6;2.7;9.0;5.0;00h10m34s;7300.0;;;;;raw_irrigation_event.csv;
652;22/06/2025;12:51;13:01;02:00;1.0;1.0;ESTUFA GRA.;4.0;Cíclico;2.6;2.7;9.0;5.0;00h10m34s;7400.0;;;;;raw_irrigation_event.csv;
653;22/06/2025;16:27;16:37;03:36;1.0;1.0;ESTUFA GRA.;5.0;Pontual;2.6;2.8;9.0;4.9;00h10m34s;7500.0;;;;;raw_irrigation_event.csv;
654;22/06/2025;16:50;16:59;00:23;1.0;1.0;ESTUFA GRA.;6.0;Hora Fixa;2.6;2.7;9.0;5.1;00h09m15s;7400.0;;;;;raw_irrigation_event.csv;
656;23/06/2025;07:28;07:42;14:38;1.0;1.0;ESTUFA GRA.;1.0;Hora Fixa;2.7;2.8;8.0;5.0;00h13m46s;10500.0;;;;;raw_irrigation_event.csv;
657;23/06/2025;10:55;11:04;03:27;1.0;1.0;ESTUFA GRA.;2.0;Cíclico;2.6;2.7;9.0;5.3;00h09m15s;7400.0;;;;;raw_irrigation_event.csv;
658;23/06/2025;12:55;13:06;02:00;1.0;1.0;ESTUFA GRA.;3.0;Cíclico;2.6;2.8;9.0;5.0;00h10m34s;7300.0;;;;;raw_irrigation_event.csv;
659;23/06/2025;15:10;15:20;02:15;1.0;1.0;ESTUFA GRA.;4.0;Irradiação;1.8;1.9;9.0;5.9;00h09m15s;7700.0;;;;;raw_irrigation_event.csv;
660;23/06/2025;16:16;16:27;01:06;1.0;1.0;ESTUFA GRA.;5.0;Irradiação;2.6;2.7;9.0;5.0;00h10m34s;7300.0;;;;;raw_irrigation_event.csv;
661;23/06/2025;17:06;17:17;00:50;1.0;1.0;ESTUFA GRA.;6.0;Pontual;2.6;2.7;9.0;5.0;00h10m34s;7600.0;;;;;raw_irrigation_event.csv;
662;23/06/2025;17:18;17:28;00:12;1.0;1.0;ESTUFA GRA.;7.0;Hora Fixa;2.6;2.7;9.0;5.2;00h09m15s;7500.0;;;;;raw_irrigation_event.csv;
664;24/06/2025;07:23;07:36;14:05;1.0;1.0;ESTUFA GRA.;1.0;Hora Fixa;2.7;2.8;8.0;5.1;00h12m27s;10800.0;;;;;raw_irrigation_event.csv;
665;24/06/2025;11:01;11:12;03:38;1.0;1.0;ESTUFA GRA.;2.0;Cíclico;2.6;2.7;9.0;5.2;00h10m34s;7400.0;;;;;raw_irrigation_event.csv;
666;24/06/2025;12:42;12:51;01:41;1.0;1.0;ESTUFA GRA.;3.0;Irradiação;1.8;1.8;9.0;5.9;00h09m15s;7400.0;;;;;raw_irrigation_event.csv;
667;24/06/2025;14:18;14:27;01:36;1.0;1.0;ESTUFA GRA.;4.0;Irradiação;1.8;1.8;9.0;5.9;00h09m15s;7500.0;;;;;raw_irrigation_event.csv;
668;24/06/2025;15:19;15:28;01:01;1.0;1.0;ESTUFA GRA.;5.0;Irradiação;1.8;1.8;9.0;5.9;00h09m15s;7600.0;;;;;raw_irrigation_event.csv;
669;24/06/2025;16:31;16:40;01:12;1.0;1.0;ESTUFA GRA.;6.0;Irradiação;2.6;2.7;9.0;5.2;00h09m15s;7600.0;;;;;raw_irrigation_event.csv;
670;24/06/2025;16:51;17:02;00:20;1.0;1.0;ESTUFA GRA.;7.0;Hora Fixa;2.6;2.7;9.0;5.0;00h10m34s;7500.0;;;;;raw_irrigation_event.csv;
672;25/06/2025;07:37;07:51;14:46;1.0;1.0;ESTUFA GRA.;1.0;Hora Fixa;2.7;2.7;8.0;4.9;00h14m04s;12000.0;;;;;raw_irrigation_event.csv;
673;25/06/2025;11:03;11:13;03:26;1.0;1.0;ESTUFA GRA.;2.0;Cíclico;2.6;2.6;9.0;5.1;00h10m34s;7600.0;;;;;raw_irrigation_event.csv;
674;25/06/2025;13:03;13:13;02:00;1.0;1.0;ESTUFA GRA.;3.0;Cíclico;2.3;2.5;9.0;5.3;00h10m34s;7600.0;;;;;raw_irrigation_event.csv;
675;25/06/2025;15:35;15:44;02:32;1.0;1.0;ESTUFA GRA.;4.0;Irradiação;1.8;1.9;9.0;5.9;00h09m15s;7800.0;;;;;raw_irrigation_event.csv;
676;25/06/2025;16:41;16:52;01:06;1.0;1.0;ESTUFA GRA.;5.0;Irradiação;2.6;2.6;9.0;5.1;00h10m34s;7600.0;;;;;raw_irrigation_event.csv;
677;25/06/2025;17:03;17:13;00:22;1.0;1.0;ESTUFA GRA.;6.0;Hora Fixa;2.6;2.7;9.0;4.9;00h10m34s;8000.0;;;;;raw_irrigation_event.csv;
679;26/06/2025;07:37;07:51;14:34;1.0;1.0;ESTUFA GRA.;1.0;Hora Fixa;2.7;2.8;8.0;4.9;00h14m04s;11900.0;;;;;raw_irrigation_event.csv;
680;26/06/2025;10:28;10:38;02:51;1.0;1.0;ESTUFA GRA.;2.0;Irradiação;2.5;2.5;9.0;5.1;00h10m34s;7500.0;;;;;raw_irrigation_event.csv;
681;26/06/2025;11:28;11:38;01:00;1.0;1.0;ESTUFA GRA.;3.0;Irradiação;2.3;2.4;9.0;5.2;00h10m34s;7400.0;;;;;raw_irrigation_event.csv;
682;26/06/2025;12:45;12:55;01:17;1.0;1.0;ESTUFA GRA.;4.0;Irradiação;1.8;1.9;9.0;6.0;00h09m15s;7600.0;;;;;raw_irrigation_event.csv;
683;26/06/2025;13:39;13:50;00:54;1.0;1.0;ESTUFA GRA.;5.0;Irradiação;1.8;2.1;9.0;5.8;00h10m34s;7500.0;;;;;raw_irrigation_event.csv;
684;26/06/2025;14:34;14:44;00:55;1.0;1.0;ESTUFA GRA.;6.0;Irradiação;1.8;2.0;9.0;5.7;00h10m34s;7600.0;;;;;raw_irrigation_event.csv;
685;26/06/2025;15:29;15:39;00:55;1.0;1.0;ESTUFA GRA.;7.0;Irradiação;1.8;2.1;9.0;5.7;00h10m34s;7500.0;;;;;raw_irrigation_event.csv;
686;26/06/2025;16:31;16:40;01:02;1.0;1.0;ESTUFA GRA.;8.0;Irradiação;2.6;2.7;9.0;5.2;00h09m15s;7600.0;;;;;raw_irrigation_event.csv;
687;26/06/2025;16:50;17:00;00:19;1.0;1.0;ESTUFA GRA.;9.0;Hora Fixa;2.6;2.8;9.0;5.0;00h10m34s;7800.0;;;;;raw_irrigation_event.csv;
689;27/06/2025;15:25;15:36;22:35;1.0;1.0;ESTUFA GRA.;7.0;Irradiação;1.8;2.2;9.0;5.7;00h10m34s;7600.0;;;;;raw_irrigation_event.csv;
690;27/06/2025;16:28;16:38;01:03;1.0;1.0;ESTUFA GRA.;8.0;Irradiação;2.6;2.8;9.0;5.2;00h10m34s;7600.0;;;;;raw_irrigation_event.csv;
691;27/06/2025;16:56;17:07;00:28;1.0;1.0;ESTUFA GRA.;9.0;Hora Fixa;2.6;2.8;9.0;5.2;00h10m34s;7500.0;;;;;raw_irrigation_event.csv;
699;28/06/2025;07:25;07:37;14:29;1.0;1.0;ESTUFA GRA.;1.0;Hora Fixa;2.7;2.9;8.0;5.0;00h12m10s;8900.0;;;;;raw_irrigation_event.csv;
700;28/06/2025;11:09;11:18;03:44;1.0;1.0;ESTUFA GRA.;2.0;Cíclico;2.4;2.5;9.0;5.5;00h09m15s;7600.0;;;;;raw_irrigation_event.csv;
701;28/06/2025;12:17;12:27;01:08;1.0;1.0;ESTUFA GRA.;3.0;Irradiação;1.8;1.9;9.0;5.9;00h09m15s;7500.0;;;;;raw_irrigation_event.csv;
702;28/06/2025;13:22;13:31;01:05;1.0;1.0;ESTUFA GRA.;4.0;Irradiação;1.9;2.0;9.0;5.8;00h09m15s;7500.0;;;;;raw_irrigation_event.csv;
703;28/06/2025;14:27;14:36;01:05;1.0;1.0;ESTUFA GRA.;5.0;Irradiação;1.8;1.9;9.0;5.9;00h09m15s;7500.0;;;;;raw_irrigation_event.csv;
704;28/06/2025;15:30;15:39;01:03;1.0;1.0;ESTUFA GRA.;6.0;Irradiação;1.8;1.9;9.0;5.8;00h09m15s;7600.0;;;;;raw_irrigation_event.csv;
705;28/06/2025;16:38;16:48;01:08;1.0;1.0;ESTUFA GRA.;7.0;Irradiação;2.6;2.7;9.0;5.4;00h09m41s;7500.0;;;;;raw_irrigation_event.csv;
706;28/06/2025;16:57;17:06;00:19;1.0;1.0;ESTUFA GRA.;8.0;Hora Fixa;2.6;2.9;9.0;5.3;00h09m15s;7600.0;;;;;raw_irrigation_event.csv;
708;29/06/2025;07:29;07:41;14:32;1.0;1.0;ESTUFA GRA.;1.0;Hora Fixa;2.7;2.7;8.0;5.5;00h12m10s;8900.0;;;;;raw_irrigation_event.csv;
709;29/06/2025;09:29;09:39;02:00;1.0;1.0;ESTUFA GRA.;2.0;Irradiação;2.7;2.7;8.0;5.4;00h10m34s;7600.0;;;;;raw_irrigation_event.csv;
710;29/06/2025;10:36;10:46;01:07;1.0;1.0;ESTUFA GRA.;3.0;Irradiação;2.5;2.6;9.0;5.5;00h10m34s;7600.0;;;;;raw_irrigation_event.csv;
711;29/06/2025;11:45;11:56;01:09;1.0;1.0;ESTUFA GRA.;4.0;Irradiação;2.3;2.6;9.0;5.5;00h10m34s;7600.0;;;;;raw_irrigation_event.csv;
712;29/06/2025;12:58;13:07;01:13;1.0;1.0;ESTUFA GRA.;5.0;Irradiação;1.9;2.0;9.0;5.8;00h09m15s;7600.0;;;;;raw_irrigation_event.csv;
713;29/06/2025;14:01;14:11;01:03;1.0;1.0;ESTUFA GRA.;6.0;Irradiação;1.9;2.2;9.0;5.7;00h10m34s;7500.0;;;;;raw_irrigation_event.csv;
714;29/06/2025;15:05;15:14;01:04;1.0;1.0;ESTUFA GRA.;7.0;Irradiação;1.8;1.8;9.0;5.8;00h09m15s;7600.0;;;;;raw_irrigation_event.csv;
715;29/06/2025;16:15;16:26;01:10;1.0;1.0;ESTUFA GRA.;8.0;Irradiação;2.6;2.6;9.0;5.2;00h10m34s;7500.0;;;;;raw_irrigation_event.csv;
716;29/06/2025;16:50;17:00;00:35;1.0;1.0;ESTUFA GRA.;9.0;Hora Fixa;2.6;2.7;9.0;5.4;00h10m34s;7400.0;;;;;raw_irrigation_event.csv;
718;30/06/2025;07:35;07:45;14:45;1.0;1.0;ESTUFA GRA.;1.0;Hora Fixa;2.7;2.8;8.0;5.2;00h10m51s;9400.0;;;;;raw_irrigation_event.csv;
719;30/06/2025;09:54;10:08;02:19;1.0;1.0;ESTUFA GRA.;2.0;Irradiação;2.6;2.7;9.0;5.2;00h10m34s;7700.0;;;;;raw_irrigation_event.csv;
720;30/06/2025;11:15;11:26;01:21;1.0;1.0;ESTUFA GRA.;3.0;Irradiação;2.4;2.7;9.0;5.2;00h10m34s;7500.0;;;;;raw_irrigation_event.csv;
721;30/06/2025;12:24;12:35;01:09;1.0;1.0;ESTUFA GRA.;4.0;Irradiação;1.8;2.2;9.0;5.5;00h10m34s;7600.0;;;;;raw_irrigation_event.csv;
722;30/06/2025;13:28;13:39;01:04;1.0;1.0;ESTUFA GRA.;5.0;Irradiação;1.9;2.2;9.0;5.5;00h10m34s;7500.0;;;;;raw_irrigation_event.csv;
723;30/06/2025;14:33;14:44;01:05;1.0;1.0;ESTUFA GRA.;6.0;Irradiação;1.8;2.1;9.0;5.5;00h10m34s;7600.0;;;;;raw_irrigation_event.csv;
724;30/06/2025;15:35;15:46;01:02;1.0;1.0;ESTUFA GRA.;7.0;Irradiação;1.8;2.1;9.0;5.5;00h10m34s;7500.0;;;;;raw_irrigation_event.csv;
725;30/06/2025;16:37;16:48;01:02;1.0;1.0;ESTUFA GRA.;8.0;Irradiação;2.6;2.9;9.0;4.4;00h10m34s;7500.0;;;;;raw_irrigation_event.csv;
726;30/06/2025;16:56;17:06;00:19;1.0;1.0;ESTUFA GRA.;9.0;Hora Fixa;2.6;2.9;9.0;4.5;00h10m34s;7500.0;;;;;raw_irrigation_event.csv;
728;01/07/2025;07:35;07:46;14:39;1.0;1.0;ESTUFA GRA.;1.0;Hora Fixa;2.7;2.8;8.0;4.6;00h10m51s;9200.0;;;;;raw_irrigation_event.csv;
729;01/07/2025;11:02;11:13;03:27;1.0;1.0;ESTUFA GRA.;2.0;Cíclico;2.6;2.9;9.0;4.4;00h10m34s;7600.0;;;;;raw_irrigation_event.csv;
730;01/07/2025;12:46;12:56;01:44;1.0;1.0;ESTUFA GRA.;3.0;Irradiação;1.8;2.3;9.0;5.2;00h10m34s;7600.0;;;;;raw_irrigation_event.csv;
731;01/07/2025;13:52;14:02;01:06;1.0;1.0;ESTUFA GRA.;4.0;Irradiação;1.9;2.3;9.0;5.1;00h10m34s;7500.0;;;;;raw_irrigation_event.csv;
732;01/07/2025;14:58;15:08;01:06;1.0;1.0;ESTUFA GRA.;5.0;Irradiação;1.8;2.2;9.0;5.2;00h10m34s;7700.0;;;;;raw_irrigation_event.csv;
733;01/07/2025;16:07;16:17;01:09;1.0;1.0;ESTUFA GRA.;6.0;Irradiação;2.6;2.9;9.0;4.3;00h10m34s;7600.0;;;;;raw_irrigation_event.csv;
734;01/07/2025;16:50;16:59;00:43;1.0;1.0;ESTUFA GRA.;7.0;Hora Fixa;2.6;2.7;9.0;4.6;00h09m15s;7800.0;;;;;raw_irrigation_event.csv;
736;02/07/2025;07:36;07:49;14:46;1.0;1.0;ESTUFA GRA.;1.0;Hora Fixa;2.7;3.0;8.0;4.5;00h12m10s;9000.0;;;;;raw_irrigation_event.csv;
737;02/07/2025;11:04;11:14;03:28;1.0;1.0;ESTUFA GRA.;2.0;Cíclico;2.6;3.0;9.0;4.6;00h10m34s;7700.0;;;;;raw_irrigation_event.csv;
738;02/07/2025;13:04;13:14;02:00;1.0;1.0;ESTUFA GRA.;3.0;Cíclico;2.6;3.0;9.0;4.6;00h10m34s;7500.0;;;;;raw_irrigation_event.csv;
739;02/07/2025;15:13;15:24;02:09;1.0;1.0;ESTUFA GRA.;4.0;Irradiação;2.6;2.9;9.0;4.6;00h10m34s;7400.0;;;;;raw_irrigation_event.csv;
740;02/07/2025;16:33;16:42;01:20;1.0;1.0;ESTUFA GRA.;5.0;Irradiação;2.6;2.8;9.0;4.5;00h09m15s;7500.0;;;;;raw_irrigation_event.csv;
741;02/07/2025;16:53;17:02;00:20;1.0;1.0;ESTUFA GRA.;6.0;Hora Fixa;2.6;2.8;9.0;4.6;00h09m15s;7700.0;;;;;raw_irrigation_event.csv;
743;03/07/2025;07:36;07:50;14:43;1.0;1.0;ESTUFA GRA.;1.0;Hora Fixa;2.7;2.8;8.0;4.7;00h13m46s;10300.0;;;;;raw_irrigation_event.csv;
744;03/07/2025;10:11;10:21;02:35;1.0;1.0;ESTUFA GRA.;2.0;Irradiação;2.6;2.8;9.0;4.7;00h10m34s;7800.0;;;;;raw_irrigation_event.csv;
745;03/07/2025;11:27;11:37;01:16;1.0;1.0;ESTUFA GRA.;3.0;Irradiação;2.3;2.6;9.0;5.0;00h10m34s;7600.0;;;;;raw_irrigation_event.csv;
746;03/07/2025;12:34;12:44;01:07;1.0;1.0;ESTUFA GRA.;4.0;Irradiação;1.8;2.2;9.0;5.3;00h10m34s;7400.0;;;;;raw_irrigation_event.csv;
747;03/07/2025;13:38;13:48;01:04;1.0;1.0;ESTUFA GRA.;5.0;Irradiação;1.9;2.2;9.0;5.3;00h10m34s;7600.0;;;;;raw_irrigation_event.csv;
748;03/07/2025;14:43;14:53;01:05;1.0;1.0;ESTUFA GRA.;6.0;Irradiação;1.8;2.2;9.0;5.3;00h10m34s;7500.0;;;;;raw_irrigation_event.csv;
749;03/07/2025;15:44;15:53;01:01;1.0;1.0;ESTUFA GRA.;7.0;Irradiação;1.8;1.9;9.0;5.8;00h09m15s;7400.0;;;;;raw_irrigation_event.csv;
750;03/07/2025;16:56;17:08;01:12;1.0;1.0;ESTUFA GRA.;8.0;Hora Fixa;2.6;2.7;9.0;4.6;00h11m39s;9800.0;;;;;raw_irrigation_event.csv;
752;04/07/2025;07:36;07:55;14:40;1.0;1.0;ESTUFA GRA.;1.0;Hora Fixa;2.7;3.0;8.0;4.6;00h18m37s;14900.0;;;;;raw_irrigation_event.csv;
753;04/07/2025;08:47;08:58;01:11;1.0;1.0;ESTUFA GRA.;2.0;Irradiação;2.7;3.0;8.0;4.6;00h10m34s;7400.0;;;;;raw_irrigation_event.csv;
754;04/07/2025;10:18;10:29;01:31;1.0;1.0;ESTUFA GRA.;3.0;Irradiação;2.6;2.9;9.0;4.6;00h10m34s;7600.0;;;;;raw_irrigation_event.csv;
755;04/07/2025;11:33;11:44;01:15;1.0;1.0;ESTUFA GRA.;4.0;Irradiação;2.2;2.5;9.0;5.1;00h10m34s;7600.0;;;;;raw_irrigation_event.csv;
756;04/07/2025;12:39;12:50;01:06;1.0;1.0;ESTUFA GRA.;5.0;Irradiação;1.8;2.2;9.0;5.3;00h10m34s;7600.0;;;;;raw_irrigation_event.csv;
757;04/07/2025;13:42;13:53;01:03;1.0;1.0;ESTUFA GRA.;6.0;Irradiação;1.9;2.3;9.0;5.3;00h10m34s;7500.0;;;;;raw_irrigation_event.csv;
758;04/07/2025;14:48;14:59;01:06;1.0;1.0;ESTUFA GRA.;7.0;Irradiação;1.8;2.2;9.0;5.3;00h10m34s;7600.0;;;;;raw_irrigation_event.csv;
759;04/07/2025;15:57;16:07;01:09;1.0;1.0;ESTUFA GRA.;8.0;Irradiação;2.6;2.9;9.0;4.5;00h10m34s;7600.0;;;;;raw_irrigation_event.csv;
760;04/07/2025;17:37;17:48;01:40;1.0;1.0;ESTUFA GRA.;9.0;Irradiação;2.6;2.9;9.0;4.6;00h10m34s;7500.0;;;;;raw_irrigation_event.csv;
761;04/07/2025;19:52;20:00;02:15;1.0;1.0;ESTUFA GRA.;10.0;Manual;2.6;2.9;9.0;5.5;00h08m04s;3600.0;;;;;raw_irrigation_event.csv;
762;04/07/2025;20:16;20:35;00:24;1.0;1.0;ESTUFA GRA.;11.0;Manual;2.6;3.5;9.0;5.4;00h08m19s;2600.0;;;;;raw_irrigation_event.csv;
763;04/07/2025;20:35;20:38;00:19;1.0;1.0;ESTUFA GRA.;12.0;Pontual;2.6;2.0;9.0;5.8;00h02m53s;1000.0;;;;;raw_irrigation_event.csv;
765;05/07/2025;07:24;07:35;10:49;1.0;1.0;ESTUFA GRA.;1.0;Hora Fixa;2.7;2.7;8.0;4.2;00h10m34s;7100.0;;;;;raw_irrigation_event.csv;
766;05/07/2025;11:11;11:22;03:47;1.0;1.0;ESTUFA GRA.;2.0;Cíclico;2.6;2.9;9.0;4.7;00h10m34s;7000.0;;;;;raw_irrigation_event.csv;
767;05/07/2025;13:11;13:21;02:00;1.0;1.0;ESTUFA GRA.;3.0;Cíclico;2.6;3.1;9.0;4.6;00h10m34s;7100.0;;;;;raw_irrigation_event.csv;
768;05/07/2025;16:50;17:05;03:39;1.0;1.0;ESTUFA GRA.;4.0;Hora Fixa;2.6;2.8;9.0;4.7;00h15m40s;13200.0;;;;;raw_irrigation_event.csv;
770;06/07/2025;07:30;07:41;14:40;1.0;1.0;ESTUFA GRA.;1.0;Hora Fixa;2.7;2.9;8.0;4.7;00h10m51s;8800.0;;;;;raw_irrigation_event.csv;
771;06/07/2025;08:30;08:41;01:00;1.0;1.0;ESTUFA GRA.;2.0;Irradiação;2.7;2.9;8.0;4.6;00h10m34s;7200.0;;;;;raw_irrigation_event.csv;
772;06/07/2025;10:18;10:28;01:48;1.0;1.0;ESTUFA GRA.;3.0;Irradiação;2.5;2.8;9.0;4.8;00h10m34s;7400.0;;;;;raw_irrigation_event.csv;
773;06/07/2025;11:32;11:42;01:14;1.0;1.0;ESTUFA GRA.;4.0;Irradiação;2.3;2.6;9.0;5.1;00h10m34s;7300.0;;;;;raw_irrigation_event.csv;
774;06/07/2025;12:38;12:48;01:06;1.0;1.0;ESTUFA GRA.;5.0;Irradiação;1.8;2.3;9.0;5.4;00h10m34s;7400.0;;;;;raw_irrigation_event.csv;
775;06/07/2025;13:42;13:52;01:04;1.0;1.0;ESTUFA GRA.;6.0;Irradiação;1.8;2.2;9.0;5.4;00h10m34s;7400.0;;;;;raw_irrigation_event.csv;
776;06/07/2025;14:46;14:56;01:04;1.0;1.0;ESTUFA GRA.;7.0;Irradiação;1.8;2.2;9.0;5.4;00h10m34s;7500.0;;;;;raw_irrigation_event.csv;
777;06/07/2025;15:55;16:06;01:09;1.0;1.0;ESTUFA GRA.;8.0;Irradiação;2.6;2.9;9.0;4.5;00h10m34s;7300.0;;;;;raw_irrigation_event.csv;
778;06/07/2025;16:50;17:00;00:55;1.0;1.0;ESTUFA GRA.;9.0;Irradiação;2.6;2.8;9.0;4.6;00h10m34s;7500.0;;;;;raw_irrigation_event.csv;
779;06/07/2025;17:02;17:11;00:12;1.0;1.0;ESTUFA GRA.;10.0;Hora Fixa;2.6;2.7;9.0;4.8;00h09m15s;7100.0;;;;;raw_irrigation_event.csv;
781;07/07/2025;08:23;08:34;15:21;1.0;1.0;ESTUFA GRA.;1.0;Hora Fixa;2.7;3.1;8.0;4.2;00h10m51s;9000.0;;;;;raw_irrigation_event.csv;
782;07/07/2025;10:59;11:10;02:36;1.0;1.0;ESTUFA GRA.;2.0;Irradiação;2.5;2.8;9.0;5.0;00h10m34s;7300.0;;;;;raw_irrigation_event.csv;
783;07/07/2025;12:20;12:29;01:21;1.0;1.0;ESTUFA GRA.;3.0;Irradiação;1.8;1.9;9.0;5.9;00h09m15s;7500.0;;;;;raw_irrigation_event.csv;
784;07/07/2025;13:28;13:37;01:08;1.0;1.0;ESTUFA GRA.;4.0;Irradiação;1.9;2.0;9.0;5.8;00h09m15s;7600.0;;;;;raw_irrigation_event.csv;
785;07/07/2025;14:34;14:43;01:06;1.0;1.0;ESTUFA GRA.;5.0;Irradiação;1.8;1.9;9.0;5.9;00h09m15s;7500.0;;;;;raw_irrigation_event.csv;
786;07/07/2025;15:36;15:45;01:02;1.0;1.0;ESTUFA GRA.;6.0;Irradiação;1.8;1.8;9.0;5.9;00h09m15s;7400.0;;;;;raw_irrigation_event.csv;
787;07/07/2025;17:04;17:15;01:28;1.0;1.0;ESTUFA GRA.;7.0;Hora Fixa;2.6;2.9;9.0;4.6;00h10m34s;7400.0;;;;;raw_irrigation_event.csv;
789;08/07/2025;07:49;08:03;14:45;1.0;1.0;ESTUFA GRA.;1.0;Hora Fixa;2.7;2.9;8.0;4.7;00h13m46s;10800.0;;;;;raw_irrigation_event.csv;
790;08/07/2025;08:49;08:59;01:00;1.0;1.0;ESTUFA GRA.;2.0;Irradiação;2.7;3.0;8.0;4.6;00h10m34s;7800.0;;;;;raw_irrigation_event.csv;
791;08/07/2025;10:10;10:21;01:21;1.0;1.0;ESTUFA GRA.;3.0;Irradiação;2.6;2.9;9.0;4.7;00h10m34s;7600.0;;;;;raw_irrigation_event.csv;
792;08/07/2025;11:32;11:42;01:22;1.0;1.0;ESTUFA GRA.;4.0;Irradiação;2.3;2.7;9.0;5.1;00h10m34s;7400.0;;;;;raw_irrigation_event.csv;
793;08/07/2025;12:39;12:48;01:07;1.0;1.0;ESTUFA GRA.;5.0;Irradiação;1.9;2.0;9.0;5.8;00h09m15s;7500.0;;;;;raw_irrigation_event.csv;
794;08/07/2025;13:44;13:53;01:05;1.0;1.0;ESTUFA GRA.;6.0;Irradiação;1.9;2.0;9.0;5.8;00h09m15s;7400.0;;;;;raw_irrigation_event.csv;
795;08/07/2025;14:50;15:00;01:06;1.0;1.0;ESTUFA GRA.;7.0;Irradiação;1.8;1.9;9.0;5.9;00h09m15s;7400.0;;;;;raw_irrigation_event.csv;
796;08/07/2025;16:02;16:13;01:12;1.0;1.0;ESTUFA GRA.;8.0;Irradiação;2.6;2.8;9.0;4.6;00h10m34s;7400.0;;;;;raw_irrigation_event.csv;
797;08/07/2025;16:51;17:01;00:49;1.0;1.0;ESTUFA GRA.;9.0;Pontual;2.6;2.9;9.0;4.6;00h10m34s;7400.0;;;;;raw_irrigation_event.csv;
798;08/07/2025;17:11;17:23;00:20;1.0;1.0;ESTUFA GRA.;10.0;Hora Fixa;2.6;2.8;9.0;4.8;00h12m32s;10600.0;;;;;raw_irrigation_event.csv;
800;09/07/2025;07:50;08:03;14:39;1.0;1.0;ESTUFA GRA.;1.0;Hora Fixa;2.7;2.9;8.0;4.8;00h13m46s;10400.0;;;;;raw_irrigation_event.csv;
801;09/07/2025;10:59;11:10;03:09;1.0;1.0;ESTUFA GRA.;2.0;Cíclico;2.6;3.0;9.0;4.5;00h10m34s;7400.0;;;;;raw_irrigation_event.csv;
802;09/07/2025;12:08;12:18;01:09;1.0;1.0;ESTUFA GRA.;3.0;Irradiação;1.8;2.1;9.0;5.5;00h10m34s;7500.0;;;;;raw_irrigation_event.csv;
803;09/07/2025;13:10;13:19;01:02;1.0;1.0;ESTUFA GRA.;4.0;Irradiação;1.8;1.9;9.0;5.8;00h09m15s;7400.0;;;;;raw_irrigation_event.csv;
804;09/07/2025;14:38;14:47;01:28;1.0;1.0;ESTUFA GRA.;5.0;Irradiação;1.8;1.8;9.0;5.8;00h09m15s;7500.0;;;;;raw_irrigation_event.csv;
805;09/07/2025;15:36;15:45;00:58;1.0;1.0;ESTUFA GRA.;6.0;Irradiação;1.8;1.8;9.0;5.9;00h09m15s;6900.0;;;;;raw_irrigation_event.csv;
806;09/07/2025;17:39;17:53;02:03;1.0;1.0;ESTUFA GRA.;7.0;Hora Fixa;2.6;2.8;9.0;4.9;00h13m46s;9900.0;;;;;raw_irrigation_event.csv;
808;10/07/2025;07:31;07:46;13:52;1.0;1.0;ESTUFA GRA.;1.0;Hora Fixa;2.7;3.0;8.0;4.7;00h14m35s;11200.0;;;;;raw_irrigation_event.csv;
809;10/07/2025;11:04;11:15;03:33;1.0;1.0;ESTUFA GRA.;2.0;Cíclico;2.6;2.9;9.0;4.7;00h10m34s;7600.0;;;;;raw_irrigation_event.csv;
810;10/07/2025;13:04;13:14;02:00;1.0;1.0;ESTUFA GRA.;3.0;Cíclico;2.6;2.9;9.0;4.6;00h10m34s;7600.0;;;;;raw_irrigation_event.csv;
811;10/07/2025;17:05;17:18;04:01;1.0;1.0;ESTUFA GRA.;4.0;Hora Fixa;2.6;2.8;9.0;4.6;00h12m27s;10400.0;;;;;raw_irrigation_event.csv;
813;11/07/2025;07:45;08:00;14:40;1.0;1.0;ESTUFA GRA.;1.0;Hora Fixa;2.7;2.8;8.0;4.8;00h15m40s;13300.0;;;;;raw_irrigation_event.csv;
814;11/07/2025;11:03;11:16;03:18;1.0;1.0;ESTUFA GRA.;2.0;Cíclico;2.6;2.7;9.0;4.9;00h12m40s;9500.0;;;;;raw_irrigation_event.csv;
815;11/07/2025;13:03;13:15;02:00;1.0;1.0;ESTUFA GRA.;3.0;Cíclico;2.6;2.7;9.0;4.9;00h11m21s;9400.0;;;;;raw_irrigation_event.csv;
816;11/07/2025;15:03;15:16;02:00;1.0;1.0;ESTUFA GRA.;4.0;Cíclico;2.6;2.7;9.0;4.9;00h12m40s;9500.0;;;;;raw_irrigation_event.csv;
817;11/07/2025;17:06;17:26;02:03;1.0;1.0;ESTUFA GRA.;5.0;Hora Fixa;2.6;2.8;9.0;4.8;00h20m46s;16800.0;;;;;raw_irrigation_event.csv;
819;12/07/2025;07:56;08:17;14:50;1.0;1.0;ESTUFA GRA.;1.0;Hora Fixa;2.7;2.9;8.0;4.5;00h20m46s;16700.0;;;;;raw_irrigation_event.csv;
820;12/07/2025;11:11;11:23;03:15;1.0;1.0;ESTUFA GRA.;2.0;Irradiação;2.5;2.8;9.0;4.7;00h12m40s;9500.0;;;;;raw_irrigation_event.csv;
821;12/07/2025;12:21;12:34;01:10;1.0;1.0;ESTUFA GRA.;3.0;Irradiação;1.8;2.2;9.0;5.4;00h12m40s;9500.0;;;;;raw_irrigation_event.csv;
822;12/07/2025;13:24;13:37;01:03;1.0;1.0;ESTUFA GRA.;4.0;Irradiação;1.8;2.2;9.0;5.4;00h12m40s;9400.0;;;;;raw_irrigation_event.csv;
823;12/07/2025;14:26;14:39;01:02;1.0;1.0;ESTUFA GRA.;5.0;Irradiação;2.0;2.3;9.0;5.3;00h12m40s;10100.0;;;;;raw_irrigation_event.csv;
824;12/07/2025;15:54;16:07;01:28;1.0;1.0;ESTUFA GRA.;6.0;Irradiação;2.6;2.8;9.0;4.7;00h12m40s;9800.0;;;;;raw_irrigation_event.csv;
825;12/07/2025;17:00;17:12;01:06;1.0;1.0;ESTUFA GRA.;7.0;Hora Fixa;2.6;2.8;9.0;4.6;00h11m21s;9600.0;;;;;raw_irrigation_event.csv;
827;13/07/2025;07:50;08:11;14:50;1.0;1.0;ESTUFA GRA.;1.0;Hora Fixa;2.7;2.9;8.0;4.1;00h20m46s;16900.0;;;;;raw_irrigation_event.csv;
828;13/07/2025;09:07;09:20;01:17;1.0;1.0;ESTUFA GRA.;2.0;Irradiação;2.7;3.0;8.0;4.0;00h12m40s;9300.0;;;;;raw_irrigation_event.csv;
829;13/07/2025;11:12;11:25;02:05;1.0;1.0;ESTUFA GRA.;3.0;Cíclico;2.2;2.5;9.0;4.8;00h12m40s;9500.0;;;;;raw_irrigation_event.csv;
830;13/07/2025;12:31;12:43;01:19;1.0;1.0;ESTUFA GRA.;4.0;Irradiação;1.8;2.2;9.0;5.2;00h12m40s;9500.0;;;;;raw_irrigation_event.csv;
831;13/07/2025;13:40;13:53;01:09;1.0;1.0;ESTUFA GRA.;5.0;Irradiação;1.8;2.1;9.0;5.2;00h12m40s;9500.0;;;;;raw_irrigation_event.csv;
832;13/07/2025;14:58;15:10;01:18;1.0;1.0;ESTUFA GRA.;6.0;Irradiação;1.8;2.1;9.0;5.2;00h12m40s;9500.0;;;;;raw_irrigation_event.csv;
833;13/07/2025;17:00;17:13;02:02;1.0;1.0;ESTUFA GRA.;7.0;Hora Fixa;2.6;2.8;9.0;4.2;00h12m40s;9600.0;;;;;raw_irrigation_event.csv;
835;14/07/2025;07:37;07:57;14:37;1.0;1.0;ESTUFA GRA.;1.0;Hora Fixa;2.7;2.9;8.0;4.1;00h19m27s;16000.0;;;;;raw_irrigation_event.csv;
836;14/07/2025;08:45;08:58;01:08;1.0;1.0;ESTUFA GRA.;2.0;Irradiação;2.7;2.9;8.0;4.3;00h12m40s;9300.0;;;;;raw_irrigation_event.csv;
837;14/07/2025;10:23;10:35;01:38;1.0;1.0;ESTUFA GRA.;3.0;Irradiação;2.4;2.7;9.0;4.7;00h12m40s;9400.0;;;;;raw_irrigation_event.csv;
838;14/07/2025;11:34;11:47;01:11;1.0;1.0;ESTUFA GRA.;4.0;Irradiação;2.2;2.5;9.0;5.0;00h12m40s;9500.0;;;;;raw_irrigation_event.csv;
839;14/07/2025;12:40;12:53;01:06;1.0;1.0;ESTUFA GRA.;5.0;Irradiação;1.8;2.2;9.0;5.3;00h12m40s;9600.0;;;;;raw_irrigation_event.csv;
840;14/07/2025;13:42;13:55;01:02;1.0;1.0;ESTUFA GRA.;6.0;Irradiação;1.8;2.2;9.0;5.3;00h12m40s;9300.0;;;;;raw_irrigation_event.csv;
841;14/07/2025;14:47;15:00;01:05;1.0;1.0;ESTUFA GRA.;7.0;Irradiação;1.8;2.1;9.0;5.3;00h12m40s;9500.0;;;;;raw_irrigation_event.csv;
842;14/07/2025;15:55;16:08;01:08;1.0;1.0;ESTUFA GRA.;8.0;Irradiação;2.6;2.8;9.0;4.4;00h12m40s;9400.0;;;;;raw_irrigation_event.csv;
843;14/07/2025;17:00;17:21;01:05;1.0;1.0;ESTUFA GRA.;9.0;Hora Fixa;2.6;2.9;9.0;4.4;00h20m46s;16800.0;;;;;raw_irrigation_event.csv;
845;15/07/2025;07:59;08:20;14:59;1.0;1.0;ESTUFA GRA.;1.0;Hora Fixa;2.7;3.0;8.0;3.7;00h20m46s;16700.0;;;;;raw_irrigation_event.csv;
846;15/07/2025;09:16;09:27;01:17;1.0;1.0;ESTUFA GRA.;2.0;Irradiação;2.7;3.0;8.0;3.9;00h11m16s;8400.0;;;;;raw_irrigation_event.csv;
847;15/07/2025;10:20;10:32;01:04;1.0;1.0;ESTUFA GRA.;3.0;Irradiação;2.5;2.8;9.0;4.4;00h11m16s;8400.0;;;;;raw_irrigation_event.csv;
848;15/07/2025;11:32;11:44;01:12;1.0;1.0;ESTUFA GRA.;4.0;Irradiação;2.3;2.5;9.0;5.2;00h11m16s;7700.0;;;;;raw_irrigation_event.csv;
849;15/07/2025;13:11;13:21;01:39;1.0;1.0;ESTUFA GRA.;5.0;Irradiação;1.8;2.2;9.0;5.5;00h09m52s;6900.0;;;;;raw_irrigation_event.csv;
850;15/07/2025;14:00;14:10;00:49;1.0;1.0;ESTUFA GRA.;6.0;Irradiação;1.9;2.2;9.0;5.5;00h09m52s;6800.0;;;;;raw_irrigation_event.csv;
851;15/07/2025;14:48;14:58;00:48;1.0;1.0;ESTUFA GRA.;7.0;Irradiação;1.8;2.1;9.0;5.6;00h09m52s;6800.0;;;;;raw_irrigation_event.csv;
852;15/07/2025;15:51;16:01;01:03;1.0;1.0;ESTUFA GRA.;8.0;Irradiação;1.9;2.2;9.0;5.6;00h09m52s;6800.0;;;;;raw_irrigation_event.csv;
853;15/07/2025;17:00;17:10;01:09;1.0;1.0;ESTUFA GRA.;9.0;Hora Fixa;2.6;2.6;9.0;5.4;00h09m52s;6900.0;;;;;raw_irrigation_event.csv;
855;16/07/2025;07:38;07:50;14:38;1.0;1.0;ESTUFA GRA.;1.0;Hora Fixa;2.7;2.9;8.0;4.6;00h11m20s;8300.0;;;;;raw_irrigation_event.csv;
856;16/07/2025;08:38;08:47;01:00;1.0;1.0;ESTUFA GRA.;2.0;Irradiação;2.7;2.7;8.0;5.2;00h09m52s;7000.0;;;;;raw_irrigation_event.csv;
857;16/07/2025;10:11;10:21;01:33;1.0;1.0;ESTUFA GRA.;3.0;Irradiação;2.4;2.5;9.0;5.2;00h09m52s;6700.0;;;;;raw_irrigation_event.csv;
858;16/07/2025;11:21;11:31;01:10;1.0;1.0;ESTUFA GRA.;4.0;Irradiação;2.4;2.3;9.0;4.4;00h09m52s;6900.0;;;;;raw_irrigation_event.csv;
859;16/07/2025;13:05;13:15;01:44;1.0;1.0;ESTUFA GRA.;5.0;Irradiação;1.8;2.2;9.0;5.1;00h09m52s;6600.0;;;;;raw_irrigation_event.csv;
860;16/07/2025;13:53;14:03;00:48;1.0;1.0;ESTUFA GRA.;6.0;Irradiação;1.8;2.2;9.0;5.1;00h09m52s;6800.0;;;;;raw_irrigation_event.csv;
861;16/07/2025;14:41;14:51;00:48;1.0;1.0;ESTUFA GRA.;7.0;Irradiação;1.8;2.2;9.0;5.1;00h09m52s;6700.0;;;;;raw_irrigation_event.csv;
862;16/07/2025;15:47;15:56;01:06;1.0;1.0;ESTUFA GRA.;8.0;Irradiação;1.8;2.2;9.0;5.1;00h09m52s;6700.0;;;;;raw_irrigation_event.csv;
863;16/07/2025;17:03;17:09;01:16;1.0;1.0;ESTUFA GRA.;9.0;Hora Fixa;2.6;2.8;9.0;4.4;00h05m12s;2700.0;;;;;raw_irrigation_event.csv;
864;16/07/2025;17:09;17:19;00:05;1.0;1.0;ESTUFA GRA.;10.0;Pontual;2.6;2.8;9.0;5.0;00h09m52s;6800.0;;;;;raw_irrigation_event.csv;
866;17/07/2025;07:38;07:50;14:29;1.0;1.0;ESTUFA GRA.;1.0;Hora Fixa;2.7;2.9;8.0;4.4;00h11m20s;8300.0;;;;;raw_irrigation_event.csv;
867;17/07/2025;10:52;11:05;03:14;1.0;1.0;ESTUFA GRA.;2.0;Irradiação;2.6;2.8;9.0;4.5;00h12m19s;9200.0;;;;;raw_irrigation_event.csv;
868;17/07/2025;12:00;12:11;01:08;1.0;1.0;ESTUFA GRA.;3.0;Irradiação;1.8;1.9;9.0;5.6;00h11m00s;9200.0;;;;;raw_irrigation_event.csv;
869;17/07/2025;13:10;13:22;01:10;1.0;1.0;ESTUFA GRA.;4.0;Irradiação;1.8;2.1;9.0;5.4;00h12m19s;9200.0;;;;;raw_irrigation_event.csv;
870;17/07/2025;14:36;14:46;01:26;1.0;1.0;ESTUFA GRA.;5.0;Irradiação;1.8;2.2;9.0;5.3;00h10m13s;7000.0;;;;;raw_irrigation_event.csv;
871;17/07/2025;15:34;15:45;00:58;1.0;1.0;ESTUFA GRA.;6.0;Irradiação;1.8;2.2;9.0;5.3;00h10m13s;7100.0;;;;;raw_irrigation_event.csv;
872;17/07/2025;17:00;17:11;01:26;1.0;1.0;ESTUFA GRA.;7.0;Hora Fixa;2.6;2.8;9.0;4.5;00h10m13s;7100.0;;;;;raw_irrigation_event.csv;
874;18/07/2025;07:39;07:50;14:39;1.0;1.0;ESTUFA GRA.;1.0;Hora Fixa;2.7;2.7;8.0;4.8;00h10m26s;8700.0;;;;;raw_irrigation_event.csv;
875;18/07/2025;09:15;09:28;01:36;1.0;1.0;ESTUFA GRA.;2.0;Irradiação;2.7;2.9;8.0;4.5;00h12m45s;10900.0;;;;;raw_irrigation_event.csv;
876;18/07/2025;10:50;11:03;01:35;1.0;1.0;ESTUFA GRA.;3.0;Irradiação;2.4;2.6;9.0;4.9;00h12m45s;11100.0;;;;;raw_irrigation_event.csv;
877;18/07/2025;12:18;12:32;01:28;1.0;1.0;ESTUFA GRA.;4.0;Irradiação;1.8;1.9;9.0;5.7;00h14m04s;11200.0;;;;;raw_irrigation_event.csv;
878;18/07/2025;13:37;13:50;01:19;1.0;1.0;ESTUFA GRA.;5.0;Irradiação;1.8;1.9;9.0;5.8;00h12m45s;11000.0;;;;;raw_irrigation_event.csv;
879;18/07/2025;15:37;15:51;02:00;1.0;1.0;ESTUFA GRA.;6.0;Cíclico;2.6;2.7;9.0;4.7;00h14m04s;11200.0;;;;;raw_irrigation_event.csv;
880;18/07/2025;17:00;17:18;01:23;1.0;1.0;ESTUFA GRA.;7.0;Hora Fixa;2.6;2.8;9.0;4.7;00h17m31s;13900.0;;;;;raw_irrigation_event.csv;
882;19/07/2025;08:07;08:24;15:07;1.0;1.0;ESTUFA GRA.;1.0;Hora Fixa;2.7;2.9;8.0;4.6;00h16m22s;13100.0;;;;;raw_irrigation_event.csv;
883;19/07/2025;09:18;09:32;01:11;1.0;1.0;ESTUFA GRA.;2.0;Irradiação;2.7;2.7;8.0;3.4;00h14m04s;10700.0;;;;;raw_irrigation_event.csv;
884;19/07/2025;10:37;10:51;01:19;1.0;1.0;ESTUFA GRA.;3.0;Irradiação;2.4;2.7;9.0;5.0;00h14m04s;11000.0;;;;;raw_irrigation_event.csv;
885;19/07/2025;11:42;11:55;01:05;1.0;1.0;ESTUFA GRA.;4.0;Irradiação;1.9;2.0;9.0;5.7;00h12m45s;10600.0;;;;;raw_irrigation_event.csv;
886;19/07/2025;13:02;13:15;01:20;1.0;1.0;ESTUFA GRA.;5.0;Irradiação;1.8;1.9;9.0;5.8;00h12m45s;10900.0;;;;;raw_irrigation_event.csv;
887;19/07/2025;14:11;14:25;01:09;1.0;1.0;ESTUFA GRA.;6.0;Irradiação;1.9;2.1;9.0;5.5;00h14m04s;10800.0;;;;;raw_irrigation_event.csv;
888;19/07/2025;15:17;15:30;01:06;1.0;1.0;ESTUFA GRA.;7.0;Irradiação;1.8;1.9;9.0;5.8;00h12m45s;10800.0;;;;;raw_irrigation_event.csv;
889;19/07/2025;16:24;16:38;01:07;1.0;1.0;ESTUFA GRA.;8.0;Irradiação;2.6;2.8;9.0;4.7;00h14m04s;10900.0;;;;;raw_irrigation_event.csv;
890;19/07/2025;17:07;17:25;00:43;1.0;1.0;ESTUFA GRA.;9.0;Hora Fixa;2.6;2.7;9.0;4.7;00h17m31s;14000.0;;;;;raw_irrigation_event.csv;
892;20/07/2025;07:50;08:07;14:43;1.0;1.0;ESTUFA GRA.;1.0;Hora Fixa;2.7;2.9;8.0;4.9;00h16m22s;13100.0;;;;;raw_irrigation_event.csv;
893;20/07/2025;11:03;11:17;03:13;1.0;1.0;ESTUFA GRA.;2.0;Cíclico;2.6;2.9;9.0;4.7;00h14m04s;10900.0;;;;;raw_irrigation_event.csv;
894;20/07/2025;12:34;12:46;01:31;1.0;1.0;ESTUFA GRA.;3.0;Irradiação;1.8;1.8;9.0;5.9;00h12m45s;10900.0;;;;;raw_irrigation_event.csv;
895;20/07/2025;13:44;13:58;01:10;1.0;1.0;ESTUFA GRA.;4.0;Irradiação;2.7;2.9;9.0;4.5;00h14m04s;10800.0;;;;;raw_irrigation_event.csv;
896;20/07/2025;15:09;15:22;01:25;1.0;1.0;ESTUFA GRA.;5.0;Irradiação;1.7;1.8;9.0;5.9;00h12m54s;10900.0;;;;;raw_irrigation_event.csv;
897;20/07/2025;16:01;16:15;00:52;1.0;1.0;ESTUFA GRA.;6.0;Irradiação;2.1;2.4;9.0;5.3;00h14m04s;11100.0;;;;;raw_irrigation_event.csv;
898;20/07/2025;17:02;17:19;01:01;1.0;1.0;ESTUFA GRA.;7.0;Hora Fixa;2.6;2.8;9.0;4.7;00h17m31s;14100.0;;;;;raw_irrigation_event.csv;
899;20/07/2025;18:49;18:59;01:47;1.0;1.0;ESTUFA GRA.;8.0;Manual;2.6;2.7;9.0;6.2;00h10m04s;4900.0;;;;;raw_irrigation_event.csv;
900;20/07/2025;19:08;19:20;00:19;1.0;1.0;ESTUFA GRA.;9.0;Manual;2.6;3.7;9.0;6.4;00h08m46s;2700.0;;;;;raw_irrigation_event.csv;
902;21/07/2025;08:12;08:21;13:04;1.0;1.0;ESTUFA GRA.;1.0;Hora Fixa;2.7;3.2;8.0;4.2;00h08m33s;6500.0;;;;;raw_irrigation_event.csv;
903;21/07/2025;09:12;09:21;01:00;1.0;1.0;ESTUFA GRA.;2.0;Irradiação;2.7;2.9;8.0;4.6;00h08m33s;6400.0;;;;;raw_irrigation_event.csv;
904;21/07/2025;11:04;11:18;01:52;1.0;1.0;ESTUFA GRA.;3.0;Irradiação;2.2;2.3;9.0;5.4;00h14m04s;10000.0;;;;;raw_irrigation_event.csv;
905;21/07/2025;12:35;12:48;01:31;1.0;1.0;ESTUFA GRA.;4.0;Irradiação;2.7;2.9;9.0;4.4;00h12m45s;9800.0;;;;;raw_irrigation_event.csv;
906;21/07/2025;14:03;14:16;01:28;1.0;1.0;ESTUFA GRA.;5.0;Irradiação;1.7;1.7;9.0;5.9;00h12m45s;10300.0;;;;;raw_irrigation_event.csv;
907;21/07/2025;14:55;15:08;00:52;1.0;1.0;ESTUFA GRA.;6.0;Irradiação;1.7;1.7;9.0;5.9;00h12m45s;10500.0;;;;;raw_irrigation_event.csv;
908;21/07/2025;15:54;16:08;00:59;1.0;1.0;ESTUFA GRA.;7.0;Irradiação;2.0;2.0;9.0;5.7;00h14m04s;10200.0;;;;;raw_irrigation_event.csv;
909;21/07/2025;17:02;17:19;01:08;1.0;1.0;ESTUFA GRA.;8.0;Hora Fixa;2.6;2.8;9.0;4.7;00h17m31s;13300.0;;;;;raw_irrigation_event.csv;
911;22/07/2025;07:49;08:07;14:47;1.0;1.0;ESTUFA GRA.;1.0;Hora Fixa;2.7;2.9;8.0;4.5;00h18m40s;14300.0;;;;;raw_irrigation_event.csv;
912;22/07/2025;11:03;11:17;03:14;1.0;1.0;ESTUFA GRA.;2.0;Irradiação;2.4;2.8;9.0;5.0;00h14m04s;10600.0;;;;;raw_irrigation_event.csv;
913;22/07/2025;12:08;12:22;01:05;1.0;1.0;ESTUFA GRA.;3.0;Irradiação;1.7;2.1;9.0;5.5;00h14m04s;10900.0;;;;;raw_irrigation_event.csv;
914;22/07/2025;13:12;13:26;01:04;1.0;1.0;ESTUFA GRA.;4.0;Irradiação;1.7;2.1;9.0;5.5;00h14m04s;10600.0;;;;;raw_irrigation_event.csv;
915;22/07/2025;14:17;14:30;01:05;1.0;1.0;ESTUFA GRA.;5.0;Irradiação;1.7;1.9;9.0;5.8;00h12m45s;10800.0;;;;;raw_irrigation_event.csv;
916;22/07/2025;15:18;15:31;01:01;1.0;1.0;ESTUFA GRA.;6.0;Irradiação;2.7;2.8;9.0;4.8;00h12m47s;10600.0;;;;;raw_irrigation_event.csv;
917;22/07/2025;17:02;17:19;01:44;1.0;1.0;ESTUFA GRA.;7.0;Hora Fixa;2.6;2.8;9.0;4.7;00h17m31s;13900.0;;;;;raw_irrigation_event.csv;
919;23/07/2025;07:48;08:05;14:46;1.0;1.0;ESTUFA GRA.;1.0;Hora Fixa;2.7;3.0;8.0;4.5;00h17m21s;14600.0;;;;;raw_irrigation_event.csv;
920;23/07/2025;09:04;09:16;01:16;1.0;1.0;ESTUFA GRA.;2.0;Irradiação;2.7;2.7;8.0;4.2;00h12m45s;10400.0;;;;;raw_irrigation_event.csv;
921;23/07/2025;11:10;11:24;02:06;1.0;1.0;ESTUFA GRA.;3.0;Cíclico;2.5;2.7;9.0;5.0;00h14m04s;10700.0;;;;;raw_irrigation_event.csv;
922;23/07/2025;13:10;13:24;02:00;1.0;1.0;ESTUFA GRA.;4.0;Cíclico;2.7;2.9;9.0;4.7;00h14m04s;10700.0;;;;;raw_irrigation_event.csv;
923;23/07/2025;14:47;14:59;01:37;1.0;1.0;ESTUFA GRA.;5.0;Irradiação;1.7;1.7;9.0;6.0;00h12m45s;10700.0;;;;;raw_irrigation_event.csv;
924;23/07/2025;15:48;16:02;01:01;1.0;1.0;ESTUFA GRA.;6.0;Irradiação;1.9;2.2;9.0;5.6;00h14m04s;10700.0;;;;;raw_irrigation_event.csv;
925;23/07/2025;17:02;17:19;01:14;1.0;1.0;ESTUFA GRA.;7.0;Hora Fixa;2.6;2.8;9.0;4.9;00h17m31s;13800.0;;;;;raw_irrigation_event.csv;
927;24/07/2025;07:48;08:05;14:46;1.0;1.0;ESTUFA GRA.;1.0;Hora Fixa;2.7;2.8;8.0;4.6;00h17m21s;14900.0;;;;;raw_irrigation_event.csv;
928;24/07/2025;09:03;09:16;01:15;1.0;1.0;ESTUFA GRA.;2.0;Irradiação;2.7;2.9;8.0;4.7;00h12m45s;10600.0;;;;;raw_irrigation_event.csv;
929;24/07/2025;11:14;11:29;02:11;1.0;1.0;ESTUFA GRA.;3.0;Irradiação;2.4;2.7;9.0;5.5;00h14m04s;10600.0;;;;;raw_irrigation_event.csv;
930;24/07/2025;12:14;12:27;01:00;1.0;1.0;ESTUFA GRA.;4.0;Irradiação;1.7;1.8;9.0;6.0;00h12m55s;10800.0;;;;;raw_irrigation_event.csv;
931;24/07/2025;13:13;13:27;00:59;1.0;1.0;ESTUFA GRA.;5.0;Irradiação;1.7;2.0;9.0;5.8;00h14m04s;10800.0;;;;;raw_irrigation_event.csv;
932;24/07/2025;14:13;14:27;01:00;1.0;1.0;ESTUFA GRA.;6.0;Irradiação;1.7;2.0;9.0;5.7;00h14m04s;10700.0;;;;;raw_irrigation_event.csv;
933;24/07/2025;15:13;15:27;01:00;1.0;1.0;ESTUFA GRA.;7.0;Irradiação;1.7;2.0;9.0;5.7;00h14m04s;10700.0;;;;;raw_irrigation_event.csv;
934;24/07/2025;16:22;16:36;01:09;1.0;1.0;ESTUFA GRA.;8.0;Irradiação;2.6;2.7;9.0;5.1;00h14m04s;10700.0;;;;;raw_irrigation_event.csv;
935;24/07/2025;17:07;17:26;00:45;1.0;1.0;ESTUFA GRA.;9.0;Hora Fixa;2.6;2.8;9.0;4.9;00h18m40s;14300.0;;;;;raw_irrigation_event.csv;
937;25/07/2025;07:48;08:05;14:41;1.0;1.0;ESTUFA GRA.;1.0;Hora Fixa;2.7;2.9;8.0;4.8;00h17m21s;14800.0;;;;;raw_irrigation_event.csv;
938;25/07/2025;09:01;09:14;01:13;1.0;1.0;ESTUFA GRA.;2.0;Irradiação;2.7;2.9;8.0;5.1;00h12m45s;10400.0;;;;;raw_irrigation_event.csv;
939;25/07/2025;10:22;10:35;01:21;1.0;1.0;ESTUFA GRA.;3.0;Irradiação;2.6;2.7;9.0;5.6;00h12m45s;10600.0;;;;;raw_irrigation_event.csv;
940;25/07/2025;11:41;11:54;01:19;1.0;1.0;ESTUFA GRA.;4.0;Irradiação;1.7;1.8;9.0;6.0;00h12m45s;10700.0;;;;;raw_irrigation_event.csv;
941;25/07/2025;12:57;13:10;01:16;1.0;1.0;ESTUFA GRA.;5.0;Irradiação;1.7;1.8;9.0;6.0;00h12m45s;10500.0;;;;;raw_irrigation_event.csv;
942;25/07/2025;13:55;14:08;00:58;1.0;1.0;ESTUFA GRA.;6.0;Irradiação;1.7;1.7;9.0;6.0;00h12m45s;10500.0;;;;;raw_irrigation_event.csv;
943;25/07/2025;14:57;15:11;01:02;1.0;1.0;ESTUFA GRA.;7.0;Irradiação;1.7;1.7;9.0;6.0;00h13m39s;10700.0;;;;;raw_irrigation_event.csv;
944;25/07/2025;16:07;16:21;01:10;1.0;1.0;ESTUFA GRA.;8.0;Irradiação;2.4;2.4;9.0;5.6;00h14m04s;10700.0;;;;;raw_irrigation_event.csv;
945;25/07/2025;17:10;17:29;01:03;1.0;1.0;ESTUFA GRA.;9.0;Hora Fixa;2.6;2.7;9.0;5.6;00h18m40s;15000.0;;;;;raw_irrigation_event.csv;
947;26/07/2025;07:48;08:06;14:38;1.0;1.0;ESTUFA GRA.;1.0;Hora Fixa;2.7;2.8;8.0;5.4;00h17m21s;15000.0;;;;;raw_irrigation_event.csv;
948;26/07/2025;09:02;09:16;01:14;1.0;1.0;ESTUFA GRA.;2.0;Irradiação;2.7;2.8;8.0;5.4;00h14m04s;10500.0;;;;;raw_irrigation_event.csv;
949;26/07/2025;10:24;10:38;01:22;1.0;1.0;ESTUFA GRA.;3.0;Irradiação;2.6;2.6;9.0;4.1;00h14m04s;10700.0;;;;;raw_irrigation_event.csv;
950;26/07/2025;11:41;11:53;01:17;1.0;1.0;ESTUFA GRA.;4.0;Irradiação;2.0;2.1;9.0;5.4;00h12m45s;10600.0;;;;;raw_irrigation_event.csv;
951;26/07/2025;12:48;13:02;01:07;1.0;1.0;ESTUFA GRA.;5.0;Irradiação;1.7;2.0;9.0;5.8;00h14m04s;10500.0;;;;;raw_irrigation_event.csv;
952;26/07/2025;13:52;14:06;01:04;1.0;1.0;ESTUFA GRA.;6.0;Irradiação;1.7;2.0;9.0;5.8;00h14m04s;10600.0;;;;;raw_irrigation_event.csv;
953;26/07/2025;14:55;15:09;01:03;1.0;1.0;ESTUFA GRA.;7.0;Irradiação;1.7;2.0;9.0;5.8;00h14m04s;10600.0;;;;;raw_irrigation_event.csv;
954;26/07/2025;16:06;16:19;01:11;1.0;1.0;ESTUFA GRA.;8.0;Irradiação;2.4;2.5;9.0;5.5;00h12m45s;10600.0;;;;;raw_irrigation_event.csv;
955;26/07/2025;17:10;17:28;01:04;1.0;1.0;ESTUFA GRA.;9.0;Hora Fixa;2.6;2.6;9.0;5.8;00h18m40s;13800.0;;;;;raw_irrigation_event.csv;
957;27/07/2025;07:55;08:12;14:45;1.0;1.0;ESTUFA GRA.;1.0;Hora Fixa;2.7;2.9;8.0;4.6;00h17m21s;14500.0;;;;;raw_irrigation_event.csv;
958;27/07/2025;09:19;09:34;01:24;1.0;1.0;ESTUFA GRA.;2.0;Irradiação;2.7;2.9;8.0;4.8;00h14m04s;10500.0;;;;;raw_irrigation_event.csv;
959;27/07/2025;10:37;10:52;01:18;1.0;1.0;ESTUFA GRA.;3.0;Irradiação;2.5;2.7;9.0;5.1;00h14m04s;10500.0;;;;;raw_irrigation_event.csv;
960;27/07/2025;11:41;11:55;01:04;1.0;1.0;ESTUFA GRA.;4.0;Irradiação;1.9;2.3;9.0;5.4;00h14m04s;10700.0;;;;;raw_irrigation_event.csv;
961;27/07/2025;12:46;13:00;01:05;1.0;1.0;ESTUFA GRA.;5.0;Irradiação;1.7;2.0;9.0;5.6;00h14m04s;10300.0;;;;;raw_irrigation_event.csv;
962;27/07/2025;13:45;13:56;00:59;1.0;1.0;ESTUFA GRA.;6.0;Irradiação;1.7;2.1;9.0;5.5;00h11m16s;8100.0;;;;;raw_irrigation_event.csv;
963;27/07/2025;14:47;14:58;01:02;1.0;1.0;ESTUFA GRA.;7.0;Irradiação;1.7;2.1;9.0;5.5;00h11m16s;8300.0;;;;;raw_irrigation_event.csv;
964;27/07/2025;15:55;16:05;01:08;1.0;1.0;ESTUFA GRA.;8.0;Irradiação;2.0;2.1;9.0;5.7;00h09m57s;8000.0;;;;;raw_irrigation_event.csv;
965;27/07/2025;17:02;17:16;01:07;1.0;1.0;ESTUFA GRA.;9.0;Hora Fixa;2.6;2.9;9.0;4.6;00h14m45s;11500.0;;;;;raw_irrigation_event.csv;
967;28/07/2025;07:41;07:56;14:39;1.0;1.0;ESTUFA GRA.;1.0;Hora Fixa;2.7;3.0;8.0;4.9;00h14m45s;11400.0;;;;;raw_irrigation_event.csv;
968;28/07/2025;11:05;11:17;03:24;1.0;1.0;ESTUFA GRA.;2.0;Irradiação;2.6;2.8;9.0;5.3;00h11m16s;8000.0;;;;;raw_irrigation_event.csv;
969;28/07/2025;12:33;12:43;01:28;1.0;1.0;ESTUFA GRA.;3.0;Irradiação;1.7;1.9;9.0;6.1;00h09m57s;8100.0;;;;;raw_irrigation_event.csv;
970;28/07/2025;13:24;13:34;00:51;1.0;1.0;ESTUFA GRA.;4.0;Irradiação;1.7;1.8;9.0;6.3;00h09m57s;8200.0;;;;;raw_irrigation_event.csv;
971;28/07/2025;14:37;14:49;01:13;1.0;1.0;ESTUFA GRA.;5.0;Irradiação;1.7;2.1;9.0;6.1;00h11m16s;8100.0;;;;;raw_irrigation_event.csv;
972;28/07/2025;15:38;15:50;01:01;1.0;1.0;ESTUFA GRA.;6.0;Irradiação;1.7;2.1;9.0;6.0;00h11m16s;8000.0;;;;;raw_irrigation_event.csv;
973;28/07/2025;20:05;20:16;04:27;1.0;1.0;ESTUFA GRA.;7.0;Manual;2.6;4.5;9.0;6.2;00h11m14s;3600.0;;;;;raw_irrigation_event.csv;
974;28/07/2025;20:32;20:43;00:27;1.0;1.0;ESTUFA GRA.;8.0;Manual;2.6;3.3;9.0;5.9;00h10m32s;4400.0;;;;;raw_irrigation_event.csv;
976;29/07/2025;07:50;08:04;11:18;1.0;1.0;ESTUFA GRA.;1.0;Hora Fixa;2.7;2.9;8.0;5.8;00h14m45s;9600.0;;;;;raw_irrigation_event.csv;
977;29/07/2025;08:53;09:04;01:03;1.0;1.0;ESTUFA GRA.;2.0;Irradiação;2.7;2.8;8.0;5.8;00h11m16s;7000.0;;;;;raw_irrigation_event.csv;
978;29/07/2025;10:37;10:49;01:44;1.0;1.0;ESTUFA GRA.;3.0;Irradiação;2.6;2.8;9.0;5.8;00h12m40s;9400.0;;;;;raw_irrigation_event.csv;
979;29/07/2025;11:46;12:00;01:09;1.0;1.0;ESTUFA GRA.;4.0;Irradiação;2.1;2.4;9.0;5.9;00h14m04s;10300.0;;;;;raw_irrigation_event.csv;
980;29/07/2025;12:55;13:09;01:09;1.0;1.0;ESTUFA GRA.;5.0;Irradiação;1.7;2.1;9.0;6.1;00h14m04s;10300.0;;;;;raw_irrigation_event.csv;
981;29/07/2025;14:01;14:15;01:06;1.0;1.0;ESTUFA GRA.;6.0;Irradiação;1.7;2.0;9.0;6.1;00h14m04s;10300.0;;;;;raw_irrigation_event.csv;
982;29/07/2025;15:05;15:19;01:04;1.0;1.0;ESTUFA GRA.;7.0;Irradiação;1.7;2.0;9.0;6.1;00h14m04s;10400.0;;;;;raw_irrigation_event.csv;
983;29/07/2025;16:17;16:30;01:12;1.0;1.0;ESTUFA GRA.;8.0;Irradiação;2.6;2.9;9.0;5.3;00h12m45s;10600.0;;;;;raw_irrigation_event.csv;
984;29/07/2025;17:02;17:23;00:45;1.0;1.0;ESTUFA GRA.;9.0;Hora Fixa;2.6;2.7;9.0;5.4;00h20m59s;16300.0;;;;;raw_irrigation_event.csv;
986;30/07/2025;07:49;08:07;14:47;1.0;1.0;ESTUFA GRA.;1.0;Hora Fixa;2.7;2.8;8.0;5.7;00h18m40s;14700.0;;;;;raw_irrigation_event.csv;
987;30/07/2025;09:03;09:18;01:14;1.0;1.0;ESTUFA GRA.;2.0;Irradiação;2.7;2.8;8.0;5.7;00h14m04s;10400.0;;;;;raw_irrigation_event.csv;
988;30/07/2025;11:07;11:21;02:04;1.0;1.0;ESTUFA GRA.;3.0;Irradiação;2.6;2.7;9.0;5.6;00h14m04s;10700.0;;;;;raw_irrigation_event.csv;
989;30/07/2025;12:07;12:21;01:00;1.0;1.0;ESTUFA GRA.;4.0;Irradiação;2.0;2.3;9.0;5.8;00h14m04s;10500.0;;;;;raw_irrigation_event.csv;
990;30/07/2025;13:08;13:22;01:01;1.0;1.0;ESTUFA GRA.;5.0;Irradiação;1.9;2.2;9.0;5.9;00h14m04s;10600.0;;;;;raw_irrigation_event.csv;
991;30/07/2025;14:14;14:28;01:06;1.0;1.0;ESTUFA GRA.;6.0;Irradiação;1.8;2.1;9.0;5.9;00h14m04s;10700.0;;;;;raw_irrigation_event.csv;
992;30/07/2025;15:19;15:33;01:05;1.0;1.0;ESTUFA GRA.;7.0;Irradiação;1.7;2.0;9.0;6.0;00h14m04s;10900.0;;;;;raw_irrigation_event.csv;
993;30/07/2025;16:32;16:45;01:13;1.0;1.0;ESTUFA GRA.;8.0;Pontual;2.6;2.7;9.0;4.9;00h12m45s;10400.0;;;;;raw_irrigation_event.csv;
994;30/07/2025;17:05;17:26;00:33;1.0;1.0;ESTUFA GRA.;9.0;Hora Fixa;2.6;2.8;9.0;5.0;00h20m59s;17400.0;;;;;raw_irrigation_event.csv;
996;31/07/2025;07:49;08:06;14:44;1.0;1.0;ESTUFA GRA.;1.0;Hora Fixa;2.7;2.8;8.0;5.1;00h17m21s;14700.0;;;;;raw_irrigation_event.csv;
997;31/07/2025;09:03;09:17;01:14;1.0;1.0;ESTUFA GRA.;2.0;Irradiação;2.7;2.9;8.0;4.8;00h14m04s;10400.0;;;;;raw_irrigation_event.csv;
998;31/07/2025;10:51;11:05;01:48;1.0;1.0;ESTUFA GRA.;3.0;Irradiação;2.6;2.8;9.0;4.8;00h14m04s;10600.0;;;;;raw_irrigation_event.csv;
999;31/07/2025;12:01;12:15;01:10;1.0;1.0;ESTUFA GRA.;4.0;Irradiação;2.1;2.3;9.0;5.3;00h14m04s;10800.0;;;;;raw_irrigation_event.csv;
1000;31/07/2025;13:10;13:24;01:09;1.0;1.0;ESTUFA GRA.;5.0;Irradiação;1.8;2.1;9.0;5.4;00h14m04s;10400.0;;;;;raw_irrigation_event.csv;
1001;31/07/2025;14:15;14:29;01:05;1.0;1.0;ESTUFA GRA.;6.0;Irradiação;1.7;2.0;9.0;5.4;00h14m04s;10600.0;;;;;raw_irrigation_event.csv;
1002;31/07/2025;15:19;15:33;01:04;1.0;1.0;ESTUFA GRA.;7.0;Irradiação;1.7;2.0;9.0;5.5;00h14m04s;10500.0;;;;;raw_irrigation_event.csv;
1003;31/07/2025;16:43;16:57;01:24;1.0;1.0;ESTUFA GRA.;8.0;Pontual;2.6;2.8;9.0;4.8;00h14m04s;10700.0;;;;;raw_irrigation_event.csv;
1004;31/07/2025;17:22;17:43;00:39;1.0;1.0;ESTUFA GRA.;9.0;Hora Fixa;2.6;2.7;9.0;4.9;00h20m59s;16900.0;;;;;raw_irrigation_event.csv;
1006;01/08/2025;07:55;08:11;14:33;1.0;1.0;ESTUFA GRA.;1.0;Hora Fixa;2.7;2.8;8.0;5.6;00h15m44s;12200.0;;;;;raw_irrigation_event.csv;
1007;01/08/2025;09:08;09:20;01:13;1.0;1.0;ESTUFA GRA.;2.0;Irradiação;2.7;2.8;8.0;5.7;00h11m58s;9100.0;;;;;raw_irrigation_event.csv;
1008;01/08/2025;11:00;11:12;01:52;1.0;1.0;ESTUFA GRA.;3.0;Irradiação;2.6;2.7;9.0;4.8;00h11m58s;8700.0;;;;;raw_irrigation_event.csv;
1009;01/08/2025;12:07;12:19;01:07;1.0;1.0;ESTUFA GRA.;4.0;Irradiação;1.9;2.2;9.0;5.3;00h11m58s;8700.0;;;;;raw_irrigation_event.csv;
1010;01/08/2025;13:14;13:26;01:07;1.0;1.0;ESTUFA GRA.;5.0;Irradiação;1.7;2.0;9.0;5.4;00h11m58s;9100.0;;;;;raw_irrigation_event.csv;
1011;01/08/2025;14:18;14:30;01:04;1.0;1.0;ESTUFA GRA.;6.0;Irradiação;1.7;2.0;9.0;5.4;00h11m58s;9200.0;;;;;raw_irrigation_event.csv;
1012;01/08/2025;15:21;15:33;01:03;1.0;1.0;ESTUFA GRA.;7.0;Irradiação;1.7;2.0;9.0;5.4;00h11m58s;9200.0;;;;;raw_irrigation_event.csv;
1013;01/08/2025;16:40;16:52;01:19;1.0;1.0;ESTUFA GRA.;8.0;Pontual;2.6;2.7;9.0;4.9;00h11m58s;9200.0;;;;;raw_irrigation_event.csv;
1014;01/08/2025;17:11;17:28;00:31;1.0;1.0;ESTUFA GRA.;9.0;Hora Fixa;2.6;2.7;9.0;5.0;00h17m37s;14500.0;;;;;raw_irrigation_event.csv;
1016;02/08/2025;07:43;07:59;14:32;1.0;1.0;ESTUFA GRA.;1.0;Hora Fixa;2.7;2.8;8.0;4.9;00h15m44s;12900.0;;;;;raw_irrigation_event.csv;
1017;02/08/2025;09:19;09:30;01:36;1.0;1.0;ESTUFA GRA.;2.0;Irradiação;2.7;2.7;8.0;4.9;00h11m58s;9300.0;;;;;raw_irrigation_event.csv;
1018;02/08/2025;11:08;11:20;01:49;1.0;1.0;ESTUFA GRA.;3.0;Irradiação;2.5;2.6;9.0;5.1;00h11m58s;9100.0;;;;;raw_irrigation_event.csv;
1019;02/08/2025;12:15;12:27;01:07;1.0;1.0;ESTUFA GRA.;4.0;Irradiação;1.7;2.0;9.0;5.3;00h11m58s;9200.0;;;;;raw_irrigation_event.csv;
1020;02/08/2025;13:19;13:31;01:04;1.0;1.0;ESTUFA GRA.;5.0;Irradiação;1.7;2.0;9.0;5.3;00h11m58s;9200.0;;;;;raw_irrigation_event.csv;
1021;02/08/2025;14:21;14:33;01:02;1.0;1.0;ESTUFA GRA.;6.0;Irradiação;1.7;2.0;9.0;5.4;00h11m58s;9100.0;;;;;raw_irrigation_event.csv;
1022;02/08/2025;15:23;15:35;01:02;1.0;1.0;ESTUFA GRA.;7.0;Irradiação;1.7;1.9;9.0;5.5;00h11m58s;9200.0;;;;;raw_irrigation_event.csv;
1023;02/08/2025;17:02;17:19;01:39;1.0;1.0;ESTUFA GRA.;8.0;Hora Fixa;2.6;2.7;9.0;5.1;00h17m37s;14900.0;;;;;raw_irrigation_event.csv;
1025;03/08/2025;07:46;08:01;14:44;1.0;1.0;ESTUFA GRA.;1.0;Hora Fixa;2.7;2.8;8.0;4.7;00h15m44s;13000.0;;;;;raw_irrigation_event.csv;
1026;03/08/2025;09:20;09:30;01:34;1.0;1.0;ESTUFA GRA.;2.0;Irradiação;2.7;2.8;8.0;4.6;00h10m39s;9100.0;;;;;raw_irrigation_event.csv;
1027;03/08/2025;10:48;11:00;01:28;1.0;1.0;ESTUFA GRA.;3.0;Irradiação;2.6;2.7;9.0;4.7;00h11m58s;9100.0;;;;;raw_irrigation_event.csv;
1028;03/08/2025;11:54;12:05;01:06;1.0;1.0;ESTUFA GRA.;4.0;Irradiação;1.9;2.0;9.0;5.6;00h10m52s;9300.0;;;;;raw_irrigation_event.csv;
1029;03/08/2025;13:06;13:18;01:12;1.0;1.0;ESTUFA GRA.;5.0;Irradiação;1.6;2.1;9.0;5.2;00h11m58s;8600.0;;;;;raw_irrigation_event.csv;
1030;03/08/2025;14:09;14:21;01:03;1.0;1.0;ESTUFA GRA.;6.0;Irradiação;1.6;2.1;9.0;5.2;00h11m58s;8400.0;;;;;raw_irrigation_event.csv;
1031;03/08/2025;15:12;15:24;01:03;1.0;1.0;ESTUFA GRA.;7.0;Irradiação;1.6;2.1;9.0;5.2;00h11m58s;8600.0;;;;;raw_irrigation_event.csv;
1032;03/08/2025;16:45;16:57;01:33;1.0;1.0;ESTUFA GRA.;8.0;Pontual;2.6;2.9;9.0;4.6;00h11m58s;8800.0;;;;;raw_irrigation_event.csv;
1033;03/08/2025;17:16;17:33;00:31;1.0;1.0;ESTUFA GRA.;9.0;Hora Fixa;2.6;2.9;9.0;4.7;00h17m37s;14000.0;;;;;raw_irrigation_event.csv;
1035;04/08/2025;07:46;08:02;14:30;1.0;1.0;ESTUFA GRA.;1.0;Hora Fixa;2.7;2.9;8.0;4.6;00h15m44s;12200.0;;;;;raw_irrigation_event.csv;
1036;04/08/2025;08:59;09:11;01:13;1.0;1.0;ESTUFA GRA.;2.0;Irradiação;2.7;2.9;8.0;4.6;00h11m58s;8700.0;;;;;raw_irrigation_event.csv;
1037;04/08/2025;10:53;11:05;01:54;1.0;1.0;ESTUFA GRA.;3.0;Irradiação;2.6;2.8;9.0;4.7;00h11m58s;8500.0;;;;;raw_irrigation_event.csv;
1038;04/08/2025;12:03;12:15;01:10;1.0;1.0;ESTUFA GRA.;4.0;Irradiação;2.0;2.3;9.0;5.2;00h11m58s;8700.0;;;;;raw_irrigation_event.csv;
1039;04/08/2025;13:14;13:26;01:11;1.0;1.0;ESTUFA GRA.;5.0;Irradiação;1.8;2.1;9.0;5.3;00h11m58s;8700.0;;;;;raw_irrigation_event.csv;
1040;04/08/2025;14:19;14:31;01:05;1.0;1.0;ESTUFA GRA.;6.0;Irradiação;1.6;2.0;9.0;5.3;00h11m58s;8800.0;;;;;raw_irrigation_event.csv;
1041;04/08/2025;15:23;15:35;01:04;1.0;1.0;ESTUFA GRA.;7.0;Irradiação;1.6;2.0;9.0;5.3;00h11m58s;9000.0;;;;;raw_irrigation_event.csv;
1042;04/08/2025;16:18;16:30;00:55;1.0;1.0;ESTUFA GRA.;8.0;Pontual;2.6;2.8;9.0;4.7;00h11m58s;8800.0;;;;;raw_irrigation_event.csv;
1043;04/08/2025;19:23;19:24;03:05;1.0;1.0;ESTUFA GRA.;9.0;Manual;2.6;;9.0;;00h00m52s;;;;;;raw_irrigation_event.csv;
1044;04/08/2025;19:47;19:58;00:24;1.0;1.0;ESTUFA GRA.;10.0;Manual;2.6;3.4;9.0;5.9;00h11m07s;5200.0;;;;;raw_irrigation_event.csv;
1045;04/08/2025;20:19;20:32;00:32;1.0;1.0;ESTUFA GRA.;11.0;Manual;2.6;3.8;9.0;5.7;00h10m46s;3500.0;;;;;raw_irrigation_event.csv;
1047;05/08/2025;08:14;08:30;11:55;1.0;1.0;ESTUFA GRA.;1.0;Hora Fixa;2.7;3.0;8.0;4.6;00h15m44s;11600.0;;;;;raw_irrigation_event.csv;
1048;05/08/2025;09:14;09:24;01:00;1.0;1.0;ESTUFA GRA.;2.0;Irradiação;2.7;2.9;8.0;4.4;00h10m39s;8000.0;;;;;raw_irrigation_event.csv;
1049;05/08/2025;10:55;11:06;01:41;1.0;1.0;ESTUFA GRA.;3.0;Irradiação;2.6;2.9;9.0;4.6;00h10m39s;8200.0;;;;;raw_irrigation_event.csv;
1050;05/08/2025;12:05;12:17;01:10;1.0;1.0;ESTUFA GRA.;4.0;Irradiação;1.9;2.0;9.0;5.7;00h11m58s;8300.0;;;;;raw_irrigation_event.csv;
1051;05/08/2025;13:12;13:24;01:07;1.0;1.0;ESTUFA GRA.;5.0;Irradiação;1.7;1.7;9.0;5.9;00h11m58s;8300.0;;;;;raw_irrigation_event.csv;
1052;05/08/2025;14:17;14:29;01:05;1.0;1.0;ESTUFA GRA.;6.0;Irradiação;1.6;1.7;9.0;5.9;00h11m58s;8500.0;;;;;raw_irrigation_event.csv;
1053;05/08/2025;15:21;15:33;01:04;1.0;1.0;ESTUFA GRA.;7.0;Irradiação;1.7;1.8;9.0;5.8;00h11m58s;8600.0;;;;;raw_irrigation_event.csv;
1054;05/08/2025;17:10;17:28;01:49;1.0;1.0;ESTUFA GRA.;8.0;Hora Fixa;2.6;2.7;9.0;4.8;00h17m37s;13300.0;;;;;raw_irrigation_event.csv;
1056;06/08/2025;08:20;08:35;15:10;1.0;1.0;ESTUFA GRA.;1.0;Hora Fixa;2.7;2.8;8.0;4.8;00h15m44s;12200.0;;;;;raw_irrigation_event.csv;
1057;06/08/2025;09:21;09:33;01:01;1.0;1.0;ESTUFA GRA.;2.0;Irradiação;2.7;2.8;8.0;4.9;00h11m58s;8500.0;;;;;raw_irrigation_event.csv;
1058;06/08/2025;11:10;11:22;01:49;1.0;1.0;ESTUFA GRA.;3.0;Irradiação;2.6;2.9;9.0;4.7;00h11m58s;8600.0;;;;;raw_irrigation_event.csv;
1059;06/08/2025;12:22;12:34;01:12;1.0;1.0;ESTUFA GRA.;4.0;Irradiação;1.6;2.0;9.0;5.4;00h11m58s;8700.0;;;;;raw_irrigation_event.csv;
1060;06/08/2025;13:30;13:43;01:08;1.0;1.0;ESTUFA GRA.;5.0;Irradiação;2.6;2.6;9.0;4.9;00h12m40s;8900.0;;;;;raw_irrigation_event.csv;
1061;06/08/2025;15:30;15:42;02:00;1.0;1.0;ESTUFA GRA.;6.0;Cíclico;2.6;2.6;9.0;4.9;00h12m40s;9600.0;;;;;raw_irrigation_event.csv;
1062;06/08/2025;17:02;17:20;01:32;1.0;1.0;ESTUFA GRA.;7.0;Hora Fixa;2.6;2.7;9.0;5.1;00h18m44s;14300.0;;;;;raw_irrigation_event.csv;
1064;07/08/2025;08:42;08:59;15:40;1.0;1.0;ESTUFA GRA.;1.0;Hora Fixa;2.7;2.7;8.0;4.9;00h17m21s;15200.0;;;;;raw_irrigation_event.csv;
1065;07/08/2025;11:06;11:20;02:24;1.0;1.0;ESTUFA GRA.;2.0;Cíclico;2.6;2.8;9.0;4.8;00h14m04s;10500.0;;;;;raw_irrigation_event.csv;
1066;07/08/2025;13:05;13:18;01:59;1.0;1.0;ESTUFA GRA.;3.0;Irradiação;1.6;1.8;9.0;5.9;00h12m45s;10700.0;;;;;raw_irrigation_event.csv;
1067;07/08/2025;14:08;14:21;01:03;1.0;1.0;ESTUFA GRA.;4.0;Irradiação;1.6;1.7;9.0;5.9;00h12m45s;10600.0;;;;;raw_irrigation_event.csv;
1068;07/08/2025;15:12;15:24;01:04;1.0;1.0;ESTUFA GRA.;5.0;Irradiação;1.6;1.7;9.0;5.9;00h12m45s;10700.0;;;;;raw_irrigation_event.csv;
1069;07/08/2025;17:02;17:23;01:50;1.0;1.0;ESTUFA GRA.;6.0;Hora Fixa;2.6;2.7;9.0;4.8;00h20m59s;17000.0;;;;;raw_irrigation_event.csv;
1071;08/08/2025;08:14;08:25;15:12;1.0;1.0;ESTUFA GRA.;1.0;Hora Fixa;2.7;2.9;8.0;4.4;00h10m39s;8900.0;;;;;raw_irrigation_event.csv;
1072;08/08/2025;11:02;11:14;02:48;1.0;1.0;ESTUFA GRA.;2.0;Cíclico;2.4;2.5;9.0;4.8;00h11m58s;8700.0;;;;;raw_irrigation_event.csv;
1073;08/08/2025;12:15;12:26;01:13;1.0;1.0;ESTUFA GRA.;3.0;Irradiação;1.7;1.8;9.0;5.7;00h10m39s;8800.0;;;;;raw_irrigation_event.csv;
1074;08/08/2025;13:20;13:31;01:05;1.0;1.0;ESTUFA GRA.;4.0;Irradiação;1.6;1.7;9.0;5.8;00h10m39s;8900.0;;;;;raw_irrigation_event.csv;
1075;08/08/2025;14:21;14:32;01:01;1.0;1.0;ESTUFA GRA.;5.0;Irradiação;1.6;1.7;9.0;5.8;00h10m39s;8700.0;;;;;raw_irrigation_event.csv;
1076;08/08/2025;15:22;15:33;01:01;1.0;1.0;ESTUFA GRA.;6.0;Irradiação;1.6;1.6;9.0;5.8;00h10m39s;8900.0;;;;;raw_irrigation_event.csv;
1077;08/08/2025;17:02;17:15;01:40;1.0;1.0;ESTUFA GRA.;7.0;Hora Fixa;2.6;2.7;9.0;4.6;00h13m51s;10400.0;;;;;raw_irrigation_event.csv;
1079;09/08/2025;08:27;08:39;15:25;1.0;1.0;ESTUFA GRA.;1.0;Hora Fixa;2.7;2.8;8.0;4.8;00h12m03s;10500.0;;;;;raw_irrigation_event.csv;
1080;09/08/2025;11:03;11:15;02:36;1.0;1.0;ESTUFA GRA.;2.0;Cíclico;2.5;2.6;9.0;5.1;00h12m03s;10100.0;;;;;raw_irrigation_event.csv;
1081;09/08/2025;12:21;12:35;01:18;1.0;1.0;ESTUFA GRA.;3.0;Irradiação;1.6;1.9;9.0;5.3;00h13m22s;10200.0;;;;;raw_irrigation_event.csv;
1082;09/08/2025;13:25;13:39;01:04;1.0;1.0;ESTUFA GRA.;4.0;Irradiação;1.6;1.9;9.0;5.4;00h13m22s;10100.0;;;;;raw_irrigation_event.csv;
1083;09/08/2025;14:26;14:40;01:01;1.0;1.0;ESTUFA GRA.;5.0;Irradiação;1.7;2.0;9.0;5.3;00h13m22s;10100.0;;;;;raw_irrigation_event.csv;
1084;09/08/2025;15:27;15:41;01:01;1.0;1.0;ESTUFA GRA.;6.0;Irradiação;1.6;1.9;9.0;5.3;00h13m22s;10300.0;;;;;raw_irrigation_event.csv;
1085;09/08/2025;17:02;17:17;01:35;1.0;1.0;ESTUFA GRA.;7.0;Hora Fixa;2.6;2.7;9.0;5.7;00h15m32s;11800.0;;;;;raw_irrigation_event.csv;
1087;10/08/2025;08:31;08:45;15:29;1.0;1.0;ESTUFA GRA.;1.0;Hora Fixa;2.7;2.7;8.0;5.5;00h14m04s;10800.0;;;;;raw_irrigation_event.csv;
1088;10/08/2025;11:13;11:27;02:42;1.0;1.0;ESTUFA GRA.;2.0;Cíclico;2.6;2.7;9.0;5.8;00h14m04s;10700.0;;;;;raw_irrigation_event.csv;
1089;10/08/2025;12:27;12:41;01:14;1.0;1.0;ESTUFA GRA.;3.0;Irradiação;1.8;2.1;9.0;6.0;00h14m04s;11100.0;;;;;raw_irrigation_event.csv;
1090;10/08/2025;13:33;13:47;01:06;1.0;1.0;ESTUFA GRA.;4.0;Irradiação;1.6;1.9;9.0;6.1;00h14m04s;10800.0;;;;;raw_irrigation_event.csv;
1091;10/08/2025;14:38;14:52;01:05;1.0;1.0;ESTUFA GRA.;5.0;Irradiação;1.6;1.9;9.0;6.1;00h14m04s;10700.0;;;;;raw_irrigation_event.csv;
1092;10/08/2025;15:42;15:56;01:04;1.0;1.0;ESTUFA GRA.;6.0;Irradiação;2.2;2.3;9.0;5.9;00h14m04s;10800.0;;;;;raw_irrigation_event.csv;
1093;10/08/2025;17:02;17:18;01:20;1.0;1.0;ESTUFA GRA.;7.0;Hora Fixa;2.6;2.7;9.0;5.8;00h16m22s;12900.0;;;;;raw_irrigation_event.csv;
1095;11/08/2025;08:32;08:47;15:30;1.0;1.0;ESTUFA GRA.;1.0;Hora Fixa;2.7;2.8;8.0;5.6;00h14m04s;10700.0;;;;;raw_irrigation_event.csv;
1096;11/08/2025;10:50;11:04;02:18;1.0;1.0;ESTUFA GRA.;2.0;Irradiação;2.6;2.6;9.0;5.8;00h14m04s;10800.0;;;;;raw_irrigation_event.csv;
1097;11/08/2025;12:04;12:17;01:14;1.0;1.0;ESTUFA GRA.;3.0;Irradiação;2.1;2.2;9.0;5.8;00h12m45s;10900.0;;;;;raw_irrigation_event.csv;
1098;11/08/2025;13:21;13:34;01:17;1.0;1.0;ESTUFA GRA.;4.0;Irradiação;1.6;1.7;9.0;6.2;00h12m45s;11000.0;;;;;raw_irrigation_event.csv;
1099;11/08/2025;14:25;14:39;01:04;1.0;1.0;ESTUFA GRA.;5.0;Irradiação;1.6;1.8;9.0;6.2;00h14m04s;11100.0;;;;;raw_irrigation_event.csv;
1100;11/08/2025;15:30;15:44;01:05;1.0;1.0;ESTUFA GRA.;6.0;Irradiação;1.7;1.9;9.0;6.1;00h14m04s;10900.0;;;;;raw_irrigation_event.csv;
1101;11/08/2025;16:51;17:04;01:21;1.0;1.0;ESTUFA GRA.;7.0;Pontual;2.6;2.6;9.0;4.7;00h12m45s;11000.0;;;;;raw_irrigation_event.csv;
1102;11/08/2025;17:44;18:01;00:53;1.0;1.0;ESTUFA GRA.;8.0;Hora Fixa;2.6;2.6;9.0;4.9;00h16m22s;13800.0;;;;;raw_irrigation_event.csv;
1104;12/08/2025;08:13;08:27;14:29;1.0;1.0;ESTUFA GRA.;1.0;Hora Fixa;2.7;2.8;8.0;5.6;00h14m04s;11200.0;;;;;raw_irrigation_event.csv;
1105;12/08/2025;11:06;11:20;02:53;1.0;1.0;ESTUFA GRA.;2.0;Cíclico;2.6;2.7;9.0;5.7;00h14m04s;10800.0;;;;;raw_irrigation_event.csv;
1106;12/08/2025;12:41;12:55;01:35;1.0;1.0;ESTUFA GRA.;3.0;Irradiação;1.6;2.0;9.0;6.1;00h14m04s;10900.0;;;;;raw_irrigation_event.csv;
1107;12/08/2025;14:41;14:55;02:00;1.0;1.0;ESTUFA GRA.;4.0;Cíclico;2.6;2.7;9.0;5.8;00h14m04s;10700.0;;;;;raw_irrigation_event.csv;
1108;12/08/2025;17:02;17:18;02:21;1.0;1.0;ESTUFA GRA.;5.0;Hora Fixa;2.6;2.7;9.0;5.2;00h16m22s;12900.0;;;;;raw_irrigation_event.csv;
1110;13/08/2025;08:45;08:59;15:43;1.0;1.0;ESTUFA GRA.;1.0;Hora Fixa;2.7;2.9;8.0;4.5;00h14m04s;11000.0;;;;;raw_irrigation_event.csv;
1111;13/08/2025;11:08;11:22;02:23;1.0;1.0;ESTUFA GRA.;2.0;Irradiação;2.6;2.8;9.0;4.6;00h14m04s;10700.0;;;;;raw_irrigation_event.csv;
1112;13/08/2025;12:26;12:40;01:18;1.0;1.0;ESTUFA GRA.;3.0;Irradiação;1.6;1.9;9.0;5.2;00h14m04s;10700.0;;;;;raw_irrigation_event.csv;
1113;13/08/2025;13:34;13:48;01:08;1.0;1.0;ESTUFA GRA.;4.0;Irradiação;1.6;1.9;9.0;5.3;00h14m04s;10900.0;;;;;raw_irrigation_event.csv;
1114;13/08/2025;14:39;14:53;01:05;1.0;1.0;ESTUFA GRA.;5.0;Irradiação;1.6;1.9;9.0;5.3;00h14m04s;11000.0;;;;;raw_irrigation_event.csv;
1115;13/08/2025;15:44;15:58;01:05;1.0;1.0;ESTUFA GRA.;6.0;Irradiação;2.1;2.3;9.0;5.1;00h14m04s;10800.0;;;;;raw_irrigation_event.csv;
1116;13/08/2025;17:02;17:18;01:18;1.0;1.0;ESTUFA GRA.;7.0;Hora Fixa;2.6;2.7;9.0;4.8;00h16m22s;13000.0;;;;;raw_irrigation_event.csv;
1118;14/08/2025;08:50;09:04;15:48;1.0;1.0;ESTUFA GRA.;1.0;Hora Fixa;2.7;2.9;8.0;4.4;00h14m04s;10900.0;;;;;raw_irrigation_event.csv;
1119;14/08/2025;10:57;11:11;02:07;1.0;1.0;ESTUFA GRA.;2.0;Irradiação;2.6;2.7;9.0;4.6;00h14m04s;10900.0;;;;;raw_irrigation_event.csv;
1120;14/08/2025;12:06;12:20;01:09;1.0;1.0;ESTUFA GRA.;3.0;Irradiação;1.6;1.9;9.0;5.1;00h14m04s;10900.0;;;;;raw_irrigation_event.csv;
1121;14/08/2025;13:15;13:29;01:09;1.0;1.0;ESTUFA GRA.;4.0;Irradiação;1.6;1.9;9.0;5.2;00h14m04s;10800.0;;;;;raw_irrigation_event.csv;
1122;14/08/2025;14:19;14:33;01:04;1.0;1.0;ESTUFA GRA.;5.0;Irradiação;1.6;1.9;9.0;5.2;00h14m04s;10700.0;;;;;raw_irrigation_event.csv;
1123;14/08/2025;15:24;15:38;01:05;1.0;1.0;ESTUFA GRA.;6.0;Irradiação;1.6;1.9;9.0;5.2;00h14m04s;11000.0;;;;;raw_irrigation_event.csv;
1124;14/08/2025;17:02;17:18;01:38;1.0;1.0;ESTUFA GRA.;7.0;Hora Fixa;2.6;2.7;9.0;4.4;00h16m22s;13000.0;;;;;raw_irrigation_event.csv;
1126;15/08/2025;08:14;08:28;15:12;1.0;1.0;ESTUFA GRA.;1.0;Hora Fixa;2.7;2.9;8.0;4.7;00h14m04s;10800.0;;;;;raw_irrigation_event.csv;
1127;15/08/2025;11:06;11:20;02:52;1.0;1.0;ESTUFA GRA.;2.0;Cíclico;2.6;2.8;9.0;4.7;00h14m04s;10800.0;;;;;raw_irrigation_event.csv;
1128;15/08/2025;12:36;12:50;01:30;1.0;1.0;ESTUFA GRA.;3.0;Irradiação;1.6;2.0;9.0;5.3;00h14m04s;11000.0;;;;;raw_irrigation_event.csv;
1129;15/08/2025;13:41;13:55;01:05;1.0;1.0;ESTUFA GRA.;4.0;Irradiação;1.6;1.9;9.0;5.3;00h14m04s;10800.0;;;;;raw_irrigation_event.csv;
1130;15/08/2025;14:46;15:00;01:05;1.0;1.0;ESTUFA GRA.;5.0;Irradiação;1.6;1.9;9.0;5.3;00h14m04s;10700.0;;;;;raw_irrigation_event.csv;
1131;15/08/2025;15:50;16:04;01:04;1.0;1.0;ESTUFA GRA.;6.0;Irradiação;2.1;2.3;9.0;5.9;00h14m04s;11000.0;;;;;raw_irrigation_event.csv;
1132;15/08/2025;19:54;20:06;04:04;1.0;1.0;ESTUFA GRA.;7.0;Pontual;2.6;2.9;9.0;6.2;00h11m35s;5100.0;;;;;raw_irrigation_event.csv;
1133;15/08/2025;20:21;20:33;00:27;1.0;1.0;ESTUFA GRA.;8.0;Pontual;2.6;3.5;9.0;6.1;00h11m43s;3500.0;;;;;raw_irrigation_event.csv;
1135;16/08/2025;08:24;08:34;12:03;1.0;1.0;ESTUFA GRA.;1.0;Hora Fixa;2.7;2.9;8.0;4.7;00h09m52s;5900.0;;;;;raw_irrigation_event.csv;
1136;16/08/2025;10:58;11:08;02:34;1.0;1.0;ESTUFA GRA.;2.0;Irradiação;2.6;2.8;9.0;4.6;00h09m52s;6300.0;;;;;raw_irrigation_event.csv;
1137;16/08/2025;12:21;12:31;01:23;1.0;1.0;ESTUFA GRA.;3.0;Irradiação;1.6;2.1;9.0;5.2;00h09m52s;6400.0;;;;;raw_irrigation_event.csv;
1138;16/08/2025;13:37;13:51;01:16;1.0;1.0;ESTUFA GRA.;4.0;Irradiação;1.6;1.9;9.0;5.5;00h14m04s;10300.0;;;;;raw_irrigation_event.csv;
1139;16/08/2025;14:41;14:55;01:04;1.0;1.0;ESTUFA GRA.;5.0;Irradiação;2.1;2.3;9.0;5.3;00h14m04s;10500.0;;;;;raw_irrigation_event.csv;
1140;16/08/2025;16:12;16:26;01:31;1.0;1.0;ESTUFA GRA.;6.0;Irradiação;2.6;2.7;9.0;4.9;00h14m04s;10400.0;;;;;raw_irrigation_event.csv;
1141;16/08/2025;17:02;17:18;00:50;1.0;1.0;ESTUFA GRA.;7.0;Hora Fixa;2.6;2.7;9.0;4.8;00h16m22s;12700.0;;;;;raw_irrigation_event.csv;
1143;17/08/2025;08:34;08:48;15:32;1.0;1.0;ESTUFA GRA.;1.0;Hora Fixa;2.7;2.8;8.0;5.0;00h14m04s;10900.0;;;;;raw_irrigation_event.csv;
1144;17/08/2025;11:01;11:16;02:27;1.0;1.0;ESTUFA GRA.;2.0;Irradiação;2.6;2.7;9.0;5.0;00h14m04s;10700.0;;;;;raw_irrigation_event.csv;
1145;17/08/2025;12:12;12:27;01:11;1.0;1.0;ESTUFA GRA.;3.0;Irradiação;1.6;2.0;9.0;5.4;00h14m04s;10700.0;;;;;raw_irrigation_event.csv;
1146;17/08/2025;13:20;13:35;01:08;1.0;1.0;ESTUFA GRA.;4.0;Irradiação;1.6;1.9;9.0;5.6;00h14m04s;10800.0;;;;;raw_irrigation_event.csv;
1147;17/08/2025;14:25;14:39;01:05;1.0;1.0;ESTUFA GRA.;5.0;Irradiação;1.6;1.9;9.0;5.6;00h14m04s;10700.0;;;;;raw_irrigation_event.csv;
1148;17/08/2025;15:30;15:44;01:05;1.0;1.0;ESTUFA GRA.;6.0;Irradiação;1.8;2.0;9.0;5.6;00h14m04s;10900.0;;;;;raw_irrigation_event.csv;
1149;17/08/2025;17:02;17:18;01:32;1.0;1.0;ESTUFA GRA.;7.0;Hora Fixa;2.6;2.7;9.0;5.1;00h16m22s;12000.0;;;;;raw_irrigation_event.csv;
1151;18/08/2025;08:34;08:48;15:32;1.0;1.0;ESTUFA GRA.;1.0;Hora Fixa;2.7;2.7;8.0;5.8;00h14m04s;10900.0;;;;;raw_irrigation_event.csv;
1152;18/08/2025;11:06;11:20;02:32;1.0;1.0;ESTUFA GRA.;2.0;Cíclico;2.6;2.7;9.0;5.9;00h14m04s;10900.0;;;;;raw_irrigation_event.csv;
1153;18/08/2025;12:36;12:50;01:30;1.0;1.0;ESTUFA GRA.;3.0;Irradiação;2.6;2.8;9.0;5.9;00h14m04s;10800.0;;;;;raw_irrigation_event.csv;
1154;18/08/2025;13:47;14:01;01:11;1.0;1.0;ESTUFA GRA.;4.0;Irradiação;1.6;2.0;9.0;6.2;00h14m04s;10900.0;;;;;raw_irrigation_event.csv;
1155;18/08/2025;14:51;15:05;01:04;1.0;1.0;ESTUFA GRA.;5.0;Irradiação;1.6;1.9;9.0;6.2;00h14m04s;11000.0;;;;;raw_irrigation_event.csv;
1156;18/08/2025;15:56;16:10;01:05;1.0;1.0;ESTUFA GRA.;6.0;Irradiação;1.6;1.9;9.0;6.3;00h14m04s;10700.0;;;;;raw_irrigation_event.csv;
1157;18/08/2025;17:20;17:36;01:24;1.0;1.0;ESTUFA GRA.;7.0;Hora Fixa;2.6;2.7;9.0;5.8;00h16m22s;12800.0;;;;;raw_irrigation_event.csv;
1159;19/08/2025;08:43;08:57;15:23;1.0;1.0;ESTUFA GRA.;1.0;Hora Fixa;2.7;2.7;8.0;5.1;00h14m04s;10600.0;;;;;raw_irrigation_event.csv;
1160;19/08/2025;11:06;11:20;02:23;1.0;1.0;ESTUFA GRA.;2.0;Cíclico;2.6;2.7;9.0;5.1;00h14m04s;10800.0;;;;;raw_irrigation_event.csv;
1161;19/08/2025;13:06;13:20;02:00;1.0;1.0;ESTUFA GRA.;3.0;Cíclico;1.6;1.9;9.0;5.3;00h14m04s;11200.0;;;;;raw_irrigation_event.csv;
1162;19/08/2025;14:17;14:31;01:11;1.0;1.0;ESTUFA GRA.;4.0;Irradiação;2.6;2.6;9.0;5.3;00h14m04s;10800.0;;;;;raw_irrigation_event.csv;
1163;19/08/2025;15:22;15:36;01:05;1.0;1.0;ESTUFA GRA.;5.0;Irradiação;1.6;1.9;9.0;5.3;00h14m04s;10900.0;;;;;raw_irrigation_event.csv;
1164;19/08/2025;16:02;16:18;00:40;1.0;1.0;ESTUFA GRA.;6.0;Hora Fixa;2.6;2.6;9.0;5.3;00h16m22s;13000.0;;;;;raw_irrigation_event.csv;
1166;20/08/2025;08:44;08:58;16:42;1.0;1.0;ESTUFA GRA.;1.0;Hora Fixa;2.7;2.8;8.0;4.9;00h14m04s;10800.0;;;;;raw_irrigation_event.csv;
1167;20/08/2025;11:10;11:23;02:26;1.0;1.0;ESTUFA GRA.;2.0;Cíclico;2.6;2.7;9.0;5.0;00h12m40s;9600.0;;;;;raw_irrigation_event.csv;
1168;20/08/2025;12:40;12:53;01:30;1.0;1.0;ESTUFA GRA.;3.0;Irradiação;1.6;1.9;9.0;5.5;00h12m40s;9500.0;;;;;raw_irrigation_event.csv;
1169;20/08/2025;13:45;13:58;01:05;1.0;1.0;ESTUFA GRA.;4.0;Irradiação;1.6;1.9;9.0;5.6;00h12m40s;9500.0;;;;;raw_irrigation_event.csv;
1170;20/08/2025;14:46;14:58;01:01;1.0;1.0;ESTUFA GRA.;5.0;Irradiação;1.6;1.9;9.0;5.5;00h12m40s;9700.0;;;;;raw_irrigation_event.csv;
1171;20/08/2025;15:50;16:03;01:04;1.0;1.0;ESTUFA GRA.;6.0;Irradiação;2.3;2.5;9.0;5.3;00h12m40s;9600.0;;;;;raw_irrigation_event.csv;
1172;20/08/2025;16:13;16:28;00:23;1.0;1.0;ESTUFA GRA.;7.0;Hora Fixa;2.6;2.7;9.0;5.1;00h14m41s;11500.0;;;;;raw_irrigation_event.csv;
1174;21/08/2025;08:47;09:01;16:34;1.0;1.0;ESTUFA GRA.;1.0;Hora Fixa;2.6;2.9;8.0;4.5;00h13m22s;11600.0;;;;;raw_irrigation_event.csv;
1175;21/08/2025;11:12;11:25;02:25;1.0;1.0;ESTUFA GRA.;2.0;Cíclico;2.0;2.1;9.0;5.5;00h12m40s;9400.0;;;;;raw_irrigation_event.csv;
1176;21/08/2025;12:36;12:48;01:24;1.0;1.0;ESTUFA GRA.;3.0;Irradiação;1.5;1.6;9.0;6.1;00h11m21s;9400.0;;;;;raw_irrigation_event.csv;
1177;21/08/2025;13:43;13:55;01:07;1.0;1.0;ESTUFA GRA.;4.0;Irradiação;1.5;1.6;9.0;6.0;00h11m21s;9500.0;;;;;raw_irrigation_event.csv;
1178;21/08/2025;14:44;14:56;01:01;1.0;1.0;ESTUFA GRA.;5.0;Irradiação;1.5;1.6;9.0;6.1;00h11m21s;9700.0;;;;;raw_irrigation_event.csv;
1179;21/08/2025;15:47;15:59;01:03;1.0;1.0;ESTUFA GRA.;6.0;Irradiação;2.2;2.3;9.0;5.8;00h11m21s;9600.0;;;;;raw_irrigation_event.csv;
1180;21/08/2025;16:22;16:36;00:35;1.0;1.0;ESTUFA GRA.;7.0;Hora Fixa;2.6;2.7;9.0;5.5;00h14m41s;11700.0;;;;;raw_irrigation_event.csv;
1182;22/08/2025;08:49;09:02;16:27;1.0;1.0;ESTUFA GRA.;1.0;Hora Fixa;2.6;2.7;8.0;5.1;00h13m22s;11800.0;;;;;raw_irrigation_event.csv;
1183;22/08/2025;11:07;11:18;02:18;1.0;1.0;ESTUFA GRA.;2.0;Cíclico;2.6;2.9;9.0;4.7;00h11m21s;9500.0;;;;;raw_irrigation_event.csv;
1184;22/08/2025;12:44;12:55;01:37;1.0;1.0;ESTUFA GRA.;3.0;Irradiação;1.5;1.6;9.0;6.1;00h11m21s;9600.0;;;;;raw_irrigation_event.csv;
1185;22/08/2025;13:51;14:02;01:07;1.0;1.0;ESTUFA GRA.;4.0;Irradiação;1.5;1.6;9.0;6.1;00h11m21s;9500.0;;;;;raw_irrigation_event.csv;
1186;22/08/2025;14:57;15:10;01:06;1.0;1.0;ESTUFA GRA.;5.0;Irradiação;2.0;2.0;9.0;6.0;00h12m40s;9800.0;;;;;raw_irrigation_event.csv;
1187;22/08/2025;16:02;16:16;01:05;1.0;1.0;ESTUFA GRA.;6.0;Hora Fixa;2.6;2.7;9.0;5.6;00h14m41s;11400.0;;;;;raw_irrigation_event.csv;
1189;23/08/2025;08:49;09:03;16:47;1.0;1.0;ESTUFA GRA.;1.0;Hora Fixa;2.6;2.8;8.0;5.1;00h14m41s;11500.0;;;;;raw_irrigation_event.csv;
1190;23/08/2025;11:19;11:29;02:30;1.0;1.0;ESTUFA GRA.;2.0;Cíclico;2.6;2.7;9.0;5.4;00h10m18s;8700.0;;;;;raw_irrigation_event.csv;
1191;23/08/2025;13:49;13:59;02:30;1.0;1.0;ESTUFA GRA.;3.0;Cíclico;1.5;1.7;9.0;5.9;00h10m18s;8600.0;;;;;raw_irrigation_event.csv;
1192;23/08/2025;15:03;15:13;01:14;1.0;1.0;ESTUFA GRA.;4.0;Irradiação;1.5;1.5;9.0;6.2;00h10m18s;8600.0;;;;;raw_irrigation_event.csv;
1193;23/08/2025;16:02;16:15;00:59;1.0;1.0;ESTUFA GRA.;5.0;Hora Fixa;3.0;2.9;9.0;5.4;00h13m26s;10400.0;;;;;raw_irrigation_event.csv;
1195;24/08/2025;11:06;11:16;19:04;1.0;1.0;ESTUFA GRA.;1.0;Cíclico;2.8;3.0;9.0;4.4;00h10m18s;8600.0;;;;;raw_irrigation_event.csv;
1196;24/08/2025;12:48;13:00;01:42;1.0;1.0;ESTUFA GRA.;2.0;Irradiação;1.7;1.9;9.0;6.1;00h11m37s;9000.0;;;;;raw_irrigation_event.csv;
1197;24/08/2025;13:55;14:05;01:07;1.0;1.0;ESTUFA GRA.;3.0;Irradiação;1.7;1.8;9.0;6.0;00h10m18s;8600.0;;;;;raw_irrigation_event.csv;
1198;24/08/2025;14:58;15:08;01:03;1.0;1.0;ESTUFA GRA.;4.0;Irradiação;1.7;1.8;9.0;6.1;00h10m18s;8500.0;;;;;raw_irrigation_event.csv;
1199;24/08/2025;18:57;19:09;03:59;1.0;1.0;ESTUFA GRA.;5.0;Pontual;2.8;2.9;9.0;6.2;00h11m28s;5000.0;;;;;raw_irrigation_event.csv;
1200;24/08/2025;19:24;19:35;00:27;1.0;1.0;ESTUFA GRA.;6.0;Pontual;2.8;3.5;9.0;6.1;00h11m16s;3300.0;;;;;raw_irrigation_event.csv;
1202;25/08/2025;11:07;11:20;15:43;1.0;1.0;ESTUFA GRA.;1.0;Cíclico;2.8;3.1;9.0;4.3;00h12m45s;10700.0;;;;;raw_irrigation_event.csv;
1203;25/08/2025;12:32;12:46;01:25;1.0;1.0;ESTUFA GRA.;2.0;Irradiação;1.7;1.9;9.0;6.0;00h14m04s;10400.0;;;;;raw_irrigation_event.csv;
1204;25/08/2025;13:39;13:53;01:07;1.0;1.0;ESTUFA GRA.;3.0;Irradiação;1.7;1.8;9.0;6.1;00h14m04s;10400.0;;;;;raw_irrigation_event.csv;
1205;25/08/2025;14:32;14:46;00:53;1.0;1.0;ESTUFA GRA.;4.0;Irradiação;1.7;1.8;9.0;6.1;00h14m04s;10400.0;;;;;raw_irrigation_event.csv;
1206;25/08/2025;16:02;16:20;01:30;1.0;1.0;ESTUFA GRA.;5.0;Hora Fixa;2.8;2.8;9.0;5.4;00h18m40s;15000.0;;;;;raw_irrigation_event.csv;
1208;26/08/2025;12:46;13:00;20:44;1.0;1.0;ESTUFA GRA.;1.0;Pontual;1.7;1.8;9.0;5.8;00h14m04s;10800.0;;;;;raw_irrigation_event.csv;
1209;26/08/2025;14:02;14:15;01:16;1.0;1.0;ESTUFA GRA.;2.0;Irradiação;1.7;1.7;9.0;6.1;00h12m45s;10800.0;;;;;raw_irrigation_event.csv;
1210;26/08/2025;15:07;15:21;01:05;1.0;1.0;ESTUFA GRA.;3.0;Irradiação;2.8;2.8;9.0;5.6;00h14m04s;10700.0;;;;;raw_irrigation_event.csv;
1211;26/08/2025;16:04;16:21;00:57;1.0;1.0;ESTUFA GRA.;4.0;Hora Fixa;1.7;1.8;9.0;6.0;00h17m21s;14800.0;;;;;raw_irrigation_event.csv;
1213;27/08/2025;09:05;09:20;17:01;1.0;1.0;ESTUFA GRA.;1.0;Hora Fixa;2.8;2.9;8.0;5.3;00h15m03s;13000.0;;;;;raw_irrigation_event.csv;
1214;27/08/2025;10:54;11:07;01:49;1.0;1.0;ESTUFA GRA.;2.0;Irradiação;2.8;2.9;9.0;4.7;00h12m45s;11000.0;;;;;raw_irrigation_event.csv;
1215;27/08/2025;12:04;12:18;01:10;1.0;1.0;ESTUFA GRA.;3.0;Irradiação;1.7;1.7;9.0;6.1;00h14m04s;11100.0;;;;;raw_irrigation_event.csv;
1216;27/08/2025;13:12;13:24;01:08;1.0;1.0;ESTUFA GRA.;4.0;Irradiação;1.7;1.8;9.0;6.2;00h12m45s;11100.0;;;;;raw_irrigation_event.csv;
1217;27/08/2025;14:34;14:47;01:22;1.0;1.0;ESTUFA GRA.;5.0;Irradiação;1.7;1.7;9.0;6.2;00h12m45s;11100.0;;;;;raw_irrigation_event.csv;
1218;27/08/2025;15:39;15:54;01:05;1.0;1.0;ESTUFA GRA.;6.0;Irradiação;2.8;2.7;9.0;5.7;00h14m04s;10500.0;;;;;raw_irrigation_event.csv;
1219;27/08/2025;16:04;16:23;00:25;1.0;1.0;ESTUFA GRA.;7.0;Hora Fixa;2.8;2.9;9.0;5.3;00h18m40s;15200.0;;;;;raw_irrigation_event.csv;
1221;28/08/2025;09:29;09:42;17:25;1.0;1.0;ESTUFA GRA.;1.0;Irradiação;2.8;3.0;8.0;4.6;00h12m45s;10900.0;;;;;raw_irrigation_event.csv;
1222;28/08/2025;09:43;09:57;00:14;1.0;1.0;ESTUFA GRA.;2.0;Hora Fixa;2.8;2.9;9.0;5.2;00h14m04s;10400.0;;;;;raw_irrigation_event.csv;
1223;28/08/2025;11:07;11:20;01:24;1.0;1.0;ESTUFA GRA.;3.0;Irradiação;2.7;3.0;9.0;4.6;00h12m45s;10900.0;;;;;raw_irrigation_event.csv;
1224;28/08/2025;12:18;12:31;01:11;1.0;1.0;ESTUFA GRA.;4.0;Irradiação;1.7;1.7;9.0;6.0;00h12m45s;11000.0;;;;;raw_irrigation_event.csv;
1225;28/08/2025;13:24;13:37;01:06;1.0;1.0;ESTUFA GRA.;5.0;Irradiação;1.7;1.7;9.0;6.1;00h12m45s;10600.0;;;;;raw_irrigation_event.csv;
1226;28/08/2025;14:30;14:43;01:06;1.0;1.0;ESTUFA GRA.;6.0;Irradiação;1.7;1.7;9.0;6.1;00h12m45s;10900.0;;;;;raw_irrigation_event.csv;
1227;28/08/2025;15:35;15:49;01:05;1.0;1.0;ESTUFA GRA.;7.0;Irradiação;2.0;2.0;9.0;6.0;00h14m04s;10800.0;;;;;raw_irrigation_event.csv;
1228;28/08/2025;16:13;16:27;00:38;1.0;1.0;ESTUFA GRA.;8.0;Hora Fixa;2.8;2.8;9.0;5.6;00h14m04s;11500.0;;;;;raw_irrigation_event.csv;
1230;29/08/2025;08:51;09:04;16:38;1.0;1.0;ESTUFA GRA.;1.0;Hora Fixa;2.8;2.9;8.0;4.9;00h12m45s;11100.0;;;;;raw_irrigation_event.csv;
1231;29/08/2025;11:37;11:50;02:46;1.0;1.0;ESTUFA GRA.;2.0;Irradiação;1.7;2.0;9.0;5.1;00h12m45s;10800.0;;;;;raw_irrigation_event.csv;
1232;29/08/2025;13:35;13:48;01:58;1.0;1.0;ESTUFA GRA.;3.0;Irradiação;1.7;2.0;9.0;4.9;00h12m45s;10800.0;;;;;raw_irrigation_event.csv;
1233;29/08/2025;14:57;15:10;01:22;1.0;1.0;ESTUFA GRA.;4.0;Irradiação;1.7;1.7;9.0;6.1;00h12m45s;10900.0;;;;;raw_irrigation_event.csv;
1234;29/08/2025;16:04;16:17;01:07;1.0;1.0;ESTUFA GRA.;5.0;Irradiação;2.8;2.8;9.0;5.6;00h12m45s;11000.0;;;;;raw_irrigation_event.csv;
1235;29/08/2025;16:25;16:39;00:21;1.0;1.0;ESTUFA GRA.;6.0;Hora Fixa;1.8;1.8;9.0;6.0;00h14m04s;10900.0;;;;;raw_irrigation_event.csv;
1237;30/08/2025;09:30;09:46;17:05;1.0;1.0;ESTUFA GRA.;1.0;Hora Fixa;2.8;2.8;9.0;5.5;00h16m22s;13200.0;;;;;raw_irrigation_event.csv;
1238;30/08/2025;12:00;12:12;02:30;1.0;1.0;ESTUFA GRA.;2.0;Cíclico;1.7;2.0;9.0;4.8;00h12m45s;11100.0;;;;;raw_irrigation_event.csv;
1239;30/08/2025;13:56;14:09;01:56;1.0;1.0;ESTUFA GRA.;3.0;Irradiação;1.7;1.8;9.0;6.0;00h12m45s;11000.0;;;;;raw_irrigation_event.csv;
1240;30/08/2025;15:10;15:23;01:14;1.0;1.0;ESTUFA GRA.;4.0;Pontual;1.7;1.8;9.0;6.1;00h12m45s;11100.0;;;;;raw_irrigation_event.csv;
1241;30/08/2025;15:48;16:02;00:38;1.0;1.0;ESTUFA GRA.;5.0;Hora Fixa;1.9;1.9;9.0;6.1;00h14m04s;10600.0;;;;;raw_irrigation_event.csv;
1243;31/08/2025;09:26;09:43;17:38;1.0;1.0;ESTUFA GRA.;1.0;Hora Fixa;2.9;2.9;8.0;5.3;00h17m21s;15400.0;;;;;raw_irrigation_event.csv;
1244;31/08/2025;11:38;11:51;02:12;1.0;1.0;ESTUFA GRA.;2.0;Irradiação;1.8;2.0;9.0;5.1;00h12m45s;11200.0;;;;;raw_irrigation_event.csv;
1245;31/08/2025;13:34;13:48;01:56;1.0;1.0;ESTUFA GRA.;3.0;Irradiação;3.0;2.9;9.0;5.7;00h14m04s;10800.0;;;;;raw_irrigation_event.csv;
1246;31/08/2025;14:54;15:07;01:20;1.0;1.0;ESTUFA GRA.;4.0;Irradiação;2.2;2.5;9.0;4.8;00h12m45s;11100.0;;;;;raw_irrigation_event.csv;
1247;31/08/2025;17:15;17:28;02:21;1.0;1.0;ESTUFA GRA.;5.0;Manual;3.0;2.9;9.0;6.4;00h10m43s;4900.0;;;;;raw_irrigation_event.csv;
1248;31/08/2025;17:44;17:56;00:29;1.0;1.0;ESTUFA GRA.;6.0;Manual;3.0;3.5;9.0;6.4;00h11m43s;3700.0;;;;;raw_irrigation_event.csv;
1250;01/09/2025;09:41;09:54;15:57;1.0;1.0;ESTUFA GRA.;1.0;Hora Fixa;3.0;3.1;9.0;5.3;00h12m45s;10100.0;;;;;raw_irrigation_event.csv;
1251;01/09/2025;11:18;11:32;01:37;1.0;1.0;ESTUFA GRA.;2.0;Irradiação;2.9;2.9;9.0;5.4;00h14m04s;10400.0;;;;;raw_irrigation_event.csv;
1252;01/09/2025;12:43;12:57;01:25;1.0;1.0;ESTUFA GRA.;3.0;Irradiação;1.9;2.2;9.0;5.8;00h14m04s;10400.0;;;;;raw_irrigation_event.csv;
1253;01/09/2025;13:47;14:01;01:04;1.0;1.0;ESTUFA GRA.;4.0;Irradiação;1.9;2.2;9.0;5.8;00h14m04s;10600.0;;;;;raw_irrigation_event.csv;
1254;01/09/2025;14:52;15:06;01:05;1.0;1.0;ESTUFA GRA.;5.0;Irradiação;1.9;2.2;9.0;5.8;00h14m04s;10800.0;;;;;raw_irrigation_event.csv;
1255;01/09/2025;17:03;17:17;02:11;1.0;1.0;ESTUFA GRA.;6.0;Pontual;3.0;2.9;9.0;4.8;00h14m04s;10900.0;;;;;raw_irrigation_event.csv;
1257;02/09/2025;09:24;09:36;16:21;1.0;1.0;ESTUFA GRA.;1.0;Hora Fixa;3.0;3.1;8.0;5.5;00h12m45s;10900.0;;;;;raw_irrigation_event.csv;
1258;02/09/2025;11:29;11:44;02:05;1.0;1.0;ESTUFA GRA.;2.0;Irradiação;2.7;2.8;9.0;5.2;00h14m04s;10900.0;;;;;raw_irrigation_event.csv;
1259;02/09/2025;13:25;13:40;01:56;1.0;1.0;ESTUFA GRA.;3.0;Irradiação;1.9;2.2;9.0;5.6;00h14m04s;11100.0;;;;;raw_irrigation_event.csv;
1260;02/09/2025;14:43;14:58;01:18;1.0;1.0;ESTUFA GRA.;4.0;Irradiação;1.9;2.1;9.0;5.7;00h14m04s;10600.0;;;;;raw_irrigation_event.csv;
1261;02/09/2025;15:30;15:44;00:47;1.0;1.0;ESTUFA GRA.;5.0;Hora Fixa;3.0;2.9;9.0;5.6;00h14m04s;10500.0;;;;;raw_irrigation_event.csv;
1263;03/09/2025;09:32;09:50;18:02;1.0;1.0;ESTUFA GRA.;1.0;Hora Fixa;3.0;3.1;9.0;5.1;00h18m31s;16600.0;;;;;raw_irrigation_event.csv;
1264;03/09/2025;11:27;11:41;01:55;1.0;1.0;ESTUFA GRA.;2.0;Irradiação;2.9;2.9;9.0;5.4;00h14m04s;11000.0;;;;;raw_irrigation_event.csv;
1265;03/09/2025;12:55;13:09;01:28;1.0;1.0;ESTUFA GRA.;3.0;Irradiação;1.9;2.2;9.0;5.9;00h14m04s;10600.0;;;;;raw_irrigation_event.csv;
1266;03/09/2025;14:12;14:26;01:17;1.0;1.0;ESTUFA GRA.;4.0;Irradiação;1.9;2.2;9.0;5.8;00h14m04s;10800.0;;;;;raw_irrigation_event.csv;
1267;03/09/2025;15:22;15:36;01:10;1.0;1.0;ESTUFA GRA.;5.0;Irradiação;3.0;3.1;9.0;5.4;00h14m04s;10900.0;;;;;raw_irrigation_event.csv;
1268;03/09/2025;15:43;15:57;00:21;1.0;1.0;ESTUFA GRA.;6.0;Hora Fixa;3.0;3.1;9.0;5.2;00h14m04s;10900.0;;;;;raw_irrigation_event.csv;
1270;04/09/2025;09:50;10:10;18:07;1.0;1.0;ESTUFA GRA.;1.0;Hora Fixa;3.0;3.0;9.0;5.4;00h19m50s;16800.0;;;;;raw_irrigation_event.csv;
1271;04/09/2025;12:29;12:43;02:39;1.0;1.0;ESTUFA GRA.;2.0;Irradiação;2.4;2.6;9.0;6.0;00h14m04s;10800.0;;;;;raw_irrigation_event.csv;
1272;04/09/2025;14:11;14:25;01:42;1.0;1.0;ESTUFA GRA.;3.0;Irradiação;1.9;2.1;9.0;6.0;00h14m04s;10800.0;;;;;raw_irrigation_event.csv;
1273;04/09/2025;15:30;15:49;01:19;1.0;1.0;ESTUFA GRA.;4.0;Hora Fixa;3.0;2.9;9.0;5.8;00h19m50s;16300.0;;;;;raw_irrigation_event.csv;
1275;05/09/2025;09:42;10:00;18:12;1.0;1.0;ESTUFA GRA.;1.0;Hora Fixa;3.0;3.0;9.0;5.6;00h18m44s;16200.0;;;;;raw_irrigation_event.csv;
1276;05/09/2025;11:39;11:55;01:57;1.0;1.0;ESTUFA GRA.;2.0;Irradiação;3.0;2.9;9.0;5.6;00h14m12s;10800.0;;;;;raw_irrigation_event.csv;
1277;05/09/2025;13:03;13:17;01:24;1.0;1.0;ESTUFA GRA.;3.0;Irradiação;1.9;2.2;9.0;5.9;00h14m12s;10800.0;;;;;raw_irrigation_event.csv;
1278;05/09/2025;14:09;14:23;01:06;1.0;1.0;ESTUFA GRA.;4.0;Irradiação;1.9;2.1;9.0;6.0;00h14m12s;10900.0;;;;;raw_irrigation_event.csv;
1279;05/09/2025;15:30;15:50;01:21;1.0;1.0;ESTUFA GRA.;5.0;Hora Fixa;3.0;2.9;9.0;5.7;00h20m03s;16300.0;;;;;raw_irrigation_event.csv;
1281;06/09/2025;09:53;10:12;18:23;1.0;1.0;ESTUFA GRA.;1.0;Hora Fixa;3.0;3.0;9.0;5.6;00h18m44s;16300.0;;;;;raw_irrigation_event.csv;
1282;06/09/2025;11:26;11:40;01:33;1.0;1.0;ESTUFA GRA.;2.0;Irradiação;3.0;2.9;9.0;5.7;00h14m12s;10700.0;;;;;raw_irrigation_event.csv;
1283;06/09/2025;13:25;13:39;01:59;1.0;1.0;ESTUFA GRA.;3.0;Irradiação;1.9;2.2;9.0;5.9;00h14m12s;10900.0;;;;;raw_irrigation_event.csv;
1284;06/09/2025;15:30;15:50;02:05;1.0;1.0;ESTUFA GRA.;4.0;Hora Fixa;1.9;2.1;9.0;6.1;00h20m03s;16500.0;;;;;raw_irrigation_event.csv;
1286;07/09/2025;09:29;09:48;17:59;1.0;1.0;ESTUFA GRA.;1.0;Hora Fixa;3.0;3.1;8.0;5.7;00h18m44s;16500.0;;;;;raw_irrigation_event.csv;
1287;07/09/2025;11:59;12:13;02:30;1.0;1.0;ESTUFA GRA.;2.0;Cíclico;3.0;2.9;9.0;5.8;00h14m12s;11500.0;;;;;raw_irrigation_event.csv;
1288;07/09/2025;13:37;13:51;01:38;1.0;1.0;ESTUFA GRA.;3.0;Irradiação;1.9;2.3;9.0;6.1;00h14m12s;11000.0;;;;;raw_irrigation_event.csv;
1289;07/09/2025;15:14;15:28;01:37;1.0;1.0;ESTUFA GRA.;4.0;Irradiação;3.0;3.0;9.0;6.0;00h14m12s;10900.0;;;;;raw_irrigation_event.csv;
1291;08/09/2025;09:29;09:49;18:15;1.0;1.0;ESTUFA GRA.;1.0;Hora Fixa;3.0;3.0;8.0;5.7;00h20m03s;16400.0;;;;;raw_irrigation_event.csv;
1292;08/09/2025;10:57;11:11;01:28;1.0;1.0;ESTUFA GRA.;2.0;Irradiação;2.7;2.6;9.0;5.1;00h14m12s;10900.0;;;;;raw_irrigation_event.csv;
1293;08/09/2025;11:58;12:12;01:01;1.0;1.0;ESTUFA GRA.;3.0;Irradiação;1.9;2.0;9.0;5.8;00h14m12s;10900.0;;;;;raw_irrigation_event.csv;
1294;08/09/2025;12:46;12:47;00:48;1.0;1.0;ESTUFA GRA.;4.0;Pontual;1.9;;9.0;;00h00m01s;;;;;;raw_irrigation_event.csv;
1295;08/09/2025;14:05;14:19;01:18;1.0;1.0;ESTUFA GRA.;5.0;Irradiação;1.9;2.2;9.0;6.1;00h14m12s;11000.0;;;;;raw_irrigation_event.csv;
1296;08/09/2025;16:40;16:55;02:35;1.0;1.0;ESTUFA GRA.;6.0;Manual;3.0;2.1;9.0;6.4;00h14m12s;6300.0;;;;;raw_irrigation_event.csv;
1297;08/09/2025;17:11;17:29;00:31;1.0;1.0;ESTUFA GRA.;7.0;Manual;3.0;2.4;9.0;6.4;00h13m51s;4000.0;;;;;raw_irrigation_event.csv;
1299;09/09/2025;09:37;09:56;16:26;1.0;1.0;ESTUFA GRA.;1.0;Hora Fixa;3.0;3.1;9.0;5.6;00h18m44s;14400.0;;;;;raw_irrigation_event.csv;
1300;09/09/2025;11:19;11:33;01:42;1.0;1.0;ESTUFA GRA.;2.0;Irradiação;2.5;2.6;9.0;5.8;00h14m12s;10000.0;;;;;raw_irrigation_event.csv;
1301;09/09/2025;12:38;12:52;01:19;1.0;1.0;ESTUFA GRA.;3.0;Irradiação;1.9;2.2;9.0;6.0;00h14m12s;10600.0;;;;;raw_irrigation_event.csv;
1302;09/09/2025;13:47;14:01;01:09;1.0;1.0;ESTUFA GRA.;4.0;Irradiação;1.9;2.2;9.0;6.0;00h14m12s;10500.0;;;;;raw_irrigation_event.csv;
1303;09/09/2025;14:58;15:12;01:11;1.0;1.0;ESTUFA GRA.;5.0;Pontual;2.4;2.6;9.0;5.9;00h14m12s;10700.0;;;;;raw_irrigation_event.csv;
1305;10/09/2025;09:57;10:16;18:59;1.0;1.0;ESTUFA GRA.;1.0;Hora Fixa;3.0;3.1;9.0;5.6;00h18m44s;15100.0;;;;;raw_irrigation_event.csv;
1306;10/09/2025;12:33;12:47;02:36;1.0;1.0;ESTUFA GRA.;2.0;Cíclico;3.0;2.9;9.0;5.8;00h14m12s;10800.0;;;;;raw_irrigation_event.csv;
1308;11/09/2025;09:30;09:51;20:57;1.0;1.0;ESTUFA GRA.;1.0;Hora Fixa;3.0;3.1;9.0;5.5;00h21m13s;17200.0;;;;;raw_irrigation_event.csv;
1309;11/09/2025;12:02;12:15;02:32;1.0;1.0;ESTUFA GRA.;2.0;Pontual;2.1;2.3;9.0;5.8;00h12m53s;10700.0;;;;;raw_irrigation_event.csv;
1310;11/09/2025;13:23;13:37;01:21;1.0;1.0;ESTUFA GRA.;3.0;Irradiação;1.9;2.1;9.0;6.2;00h14m12s;10800.0;;;;;raw_irrigation_event.csv;
1311;11/09/2025;14:35;14:49;01:12;1.0;1.0;ESTUFA GRA.;4.0;Pontual;2.3;2.4;9.0;6.0;00h14m12s;10800.0;;;;;raw_irrigation_event.csv;
1312;11/09/2025;15:30;15:50;00:55;1.0;1.0;ESTUFA GRA.;5.0;Hora Fixa;3.0;2.9;9.0;5.9;00h20m03s;15800.0;;;;;raw_irrigation_event.csv;
1314;12/09/2025;09:20;09:34;17:50;1.0;1.0;ESTUFA GRA.;1.0;Hora Fixa;3.0;2.9;8.0;5.6;00h14m12s;10800.0;;;;;raw_irrigation_event.csv;
1315;12/09/2025;11:11;11:25;01:51;1.0;1.0;ESTUFA GRA.;2.0;Irradiação;2.6;2.7;9.0;5.8;00h14m12s;10500.0;;;;;raw_irrigation_event.csv;
1316;12/09/2025;13:13;13:26;02:02;1.0;1.0;ESTUFA GRA.;3.0;Irradiação;1.9;2.0;9.0;6.1;00h12m53s;10800.0;;;;;raw_irrigation_event.csv;
1317;12/09/2025;15:30;15:33;02:17;1.0;1.0;ESTUFA GRA.;4.0;Hora Fixa;3.0;2.7;9.0;6.0;00h03m21s;600.0;;;;;raw_irrigation_event.csv;
1318;12/09/2025;15:32;15:33;00:02;1.0;1.0;ESTUFA GRA.;5.0;Pontual;3.0;3.7;9.0;5.6;00h00m19s;100.0;;;;;raw_irrigation_event.csv;
1319;12/09/2025;15:40;15:54;00:07;1.0;1.0;ESTUFA GRA.;6.0;Pontual;3.0;2.9;9.0;5.6;00h14m12s;10800.0;;;;;raw_irrigation_event.csv;
1321;13/09/2025;09:40;09:55;18:00;1.0;1.0;ESTUFA GRA.;1.0;Hora Fixa;3.0;2.9;9.0;5.7;00h14m12s;11200.0;;;;;raw_irrigation_event.csv;
1322;13/09/2025;11:30;11:44;01:50;1.0;1.0;ESTUFA GRA.;2.0;Irradiação;3.0;2.9;9.0;5.8;00h14m12s;11100.0;;;;;raw_irrigation_event.csv;
1323;13/09/2025;14:38;14:52;03:08;1.0;1.0;ESTUFA GRA.;3.0;Irradiação;2.2;2.3;9.0;6.1;00h14m12s;11100.0;;;;;raw_irrigation_event.csv;
1324;13/09/2025;15:31;15:45;00:53;1.0;1.0;ESTUFA GRA.;4.0;Hora Fixa;3.0;3.0;9.0;5.8;00h14m12s;11100.0;;;;;raw_irrigation_event.csv;
1326;14/09/2025;09:34;09:48;18:03;1.0;1.0;ESTUFA GRA.;1.0;Hora Fixa;3.0;2.9;9.0;5.8;00h14m12s;11300.0;;;;;raw_irrigation_event.csv;
1327;14/09/2025;12:04;12:18;02:30;1.0;1.0;ESTUFA GRA.;2.0;Cíclico;3.0;2.9;9.0;5.9;00h14m12s;11100.0;;;;;raw_irrigation_event.csv;
1328;14/09/2025;15:31;15:55;03:27;1.0;1.0;ESTUFA GRA.;3.0;Hora Fixa;3.0;2.9;9.0;6.0;00h23m32s;19500.0;;;;;raw_irrigation_event.csv;
1330;15/09/2025;09:31;09:48;18:00;1.0;1.0;ESTUFA GRA.;1.0;Hora Fixa;3.0;3.0;9.0;5.6;00h16m32s;13200.0;;;;;raw_irrigation_event.csv;
1331;15/09/2025;11:29;11:43;01:58;1.0;1.0;ESTUFA GRA.;2.0;Irradiação;3.0;2.9;9.0;5.6;00h14m12s;11100.0;;;;;raw_irrigation_event.csv;
1332;15/09/2025;13:21;13:34;01:52;1.0;1.0;ESTUFA GRA.;3.0;Irradiação;2.2;2.2;9.0;6.0;00h12m53s;11100.0;;;;;raw_irrigation_event.csv;
1333;15/09/2025;14:37;14:57;01:16;1.0;1.0;ESTUFA GRA.;4.0;Irradiação;2.9;2.8;9.0;5.8;00h14m12s;11000.0;;;;;raw_irrigation_event.csv;
1334;15/09/2025;15:35;15:53;00:58;1.0;1.0;ESTUFA GRA.;5.0;Hora Fixa;3.0;2.9;9.0;5.9;00h14m12s;11100.0;;;;;raw_irrigation_event.csv;
1336;16/09/2025;10:50;11:06;19:15;1.0;1.0;ESTUFA GRA.;1.0;Hora Fixa;3.0;3.0;9.0;5.7;00h16m32s;12700.0;;;;;raw_irrigation_event.csv;
1337;16/09/2025;12:49;13:03;01:59;1.0;1.0;ESTUFA GRA.;2.0;Irradiação;2.2;2.4;9.0;6.0;00h14m12s;10700.0;;;;;raw_irrigation_event.csv;
1338;16/09/2025;14:24;14:38;01:35;1.0;1.0;ESTUFA GRA.;3.0;Pontual;2.3;2.5;9.0;6.0;00h14m12s;11000.0;;;;;raw_irrigation_event.csv;
1339;16/09/2025;16:07;16:08;01:43;1.0;1.0;ESTUFA GRA.;4.0;Manual;3.0;;9.0;;00h00m10s;;;;;;raw_irrigation_event.csv;
1340;16/09/2025;16:08;16:21;00:00;1.0;1.0;ESTUFA GRA.;5.0;Pontual;3.0;2.3;9.0;6.5;00h13m18s;6000.0;;;;;raw_irrigation_event.csv;
1341;16/09/2025;16:34;16:46;00:26;1.0;1.0;ESTUFA GRA.;6.0;Manual;3.0;2.7;9.0;6.4;00h12m09s;4100.0;;;;;raw_irrigation_event.csv;
1343;17/09/2025;09:10;09:23;16:36;1.0;1.0;ESTUFA GRA.;1.0;Manual;3.0;3.5;8.0;5.2;00h12m53s;10100.0;;;;;raw_irrigation_event.csv;
1344;17/09/2025;10:42;10:56;01:32;1.0;1.0;ESTUFA GRA.;2.0;Irradiação;2.8;2.9;9.0;6.0;00h14m12s;10200.0;;;;;raw_irrigation_event.csv;
1345;17/09/2025;11:56;12:09;01:14;1.0;1.0;ESTUFA GRA.;3.0;Irradiação;2.2;2.5;9.0;6.2;00h12m53s;10600.0;;;;;raw_irrigation_event.csv;
1346;17/09/2025;13:21;13:34;01:25;1.0;1.0;ESTUFA GRA.;4.0;Irradiação;1.9;2.0;9.0;6.4;00h12m53s;10700.0;;;;;raw_irrigation_event.csv;
1347;17/09/2025;14:33;14:47;01:12;1.0;1.0;ESTUFA GRA.;5.0;Irradiação;2.3;2.4;9.0;6.2;00h14m12s;11400.0;;;;;raw_irrigation_event.csv;
1348;17/09/2025;15:32;15:45;00:59;1.0;1.0;ESTUFA GRA.;6.0;Hora Fixa;3.0;3.1;9.0;5.8;00h12m53s;11300.0;;;;;raw_irrigation_event.csv;
1350;18/09/2025;08:18;08:47;16:46;1.0;1.0;ESTUFA GRA.;1.0;Hora Fixa;3.0;3.1;8.0;5.8;00h21m13s;17500.0;;;;;raw_irrigation_event.csv;
1351;18/09/2025;10:57;11:12;02:39;1.0;1.0;ESTUFA GRA.;2.0;Cíclico;3.0;3.2;9.0;5.8;00h14m12s;10900.0;;;;;raw_irrigation_event.csv;
1352;18/09/2025;13:34;13:46;02:37;1.0;1.0;ESTUFA GRA.;3.0;Cíclico;1.9;2.0;9.0;6.3;00h12m53s;11200.0;;;;;raw_irrigation_event.csv;
1353;18/09/2025;15:31;15:50;01:57;1.0;1.0;ESTUFA GRA.;4.0;Hora Fixa;3.0;3.2;9.0;5.7;00h18m52s;15200.0;;;;;raw_irrigation_event.csv;
1355;19/09/2025;08:19;08:40;16:48;1.0;1.0;ESTUFA GRA.;1.0;Hora Fixa;3.0;3.2;8.0;5.7;00h21m13s;17100.0;;;;;raw_irrigation_event.csv;
1356;19/09/2025;10:57;11:11;02:38;1.0;1.0;ESTUFA GRA.;2.0;Cíclico;3.0;3.3;9.0;5.6;00h14m12s;10900.0;;;;;raw_irrigation_event.csv;
1357;19/09/2025;13:30;13:45;02:33;1.0;1.0;ESTUFA GRA.;3.0;Cíclico;3.0;3.2;9.0;5.6;00h14m12s;10600.0;;;;;raw_irrigation_event.csv;
1358;19/09/2025;15:31;15:50;02:01;1.0;1.0;ESTUFA GRA.;4.0;Hora Fixa;3.0;3.3;9.0;5.6;00h18m52s;15400.0;;;;;raw_irrigation_event.csv;
1360;20/09/2025;08:19;08:39;16:48;1.0;1.0;ESTUFA GRA.;1.0;Hora Fixa;3.0;3.2;8.0;5.8;00h19m54s;17400.0;;;;;raw_irrigation_event.csv;
1361;20/09/2025;11:00;11:15;02:41;1.0;1.0;ESTUFA GRA.;2.0;Cíclico;3.0;3.1;9.0;5.8;00h14m12s;10900.0;;;;;raw_irrigation_event.csv;
1362;20/09/2025;13:30;13:45;02:30;1.0;1.0;ESTUFA GRA.;3.0;Cíclico;3.0;3.1;9.0;5.7;00h14m12s;11000.0;;;;;raw_irrigation_event.csv;
1364;21/09/2025;08:19;08:39;18:49;1.0;1.0;ESTUFA GRA.;1.0;Hora Fixa;3.0;3.2;8.0;5.9;00h19m54s;17500.0;;;;;raw_irrigation_event.csv;
1365;21/09/2025;09:19;09:31;01:00;1.0;1.0;ESTUFA GRA.;2.0;Irradiação;3.0;3.5;8.0;5.4;00h12m53s;11000.0;;;;;raw_irrigation_event.csv;
1366;21/09/2025;11:06;11:18;01:47;1.0;1.0;ESTUFA GRA.;3.0;Irradiação;2.9;3.2;9.0;5.9;00h12m53s;10900.0;;;;;raw_irrigation_event.csv;
1367;21/09/2025;12:43;12:57;01:37;1.0;1.0;ESTUFA GRA.;4.0;Irradiação;2.3;2.4;9.0;6.2;00h14m12s;11000.0;;;;;raw_irrigation_event.csv;
1368;21/09/2025;14:29;14:43;01:46;1.0;1.0;ESTUFA GRA.;5.0;Irradiação;2.5;2.7;9.0;6.0;00h14m12s;11000.0;;;;;raw_irrigation_event.csv;
1369;21/09/2025;15:31;15:50;01:02;1.0;1.0;ESTUFA GRA.;6.0;Hora Fixa;2.5;2.8;9.0;6.0;00h18m52s;15400.0;;;;;raw_irrigation_event.csv;
1371;22/09/2025;08:31;08:51;17:00;1.0;1.0;ESTUFA GRA.;1.0;Hora Fixa;3.0;3.2;8.0;5.8;00h19m54s;17900.0;;;;;raw_irrigation_event.csv;
1372;22/09/2025;09:34;09:47;01:03;1.0;1.0;ESTUFA GRA.;2.0;Irradiação;2.9;2.9;8.0;5.0;00h12m53s;11200.0;;;;;raw_irrigation_event.csv;
1373;22/09/2025;11:03;11:17;01:29;1.0;1.0;ESTUFA GRA.;3.0;Irradiação;2.5;2.7;9.0;5.9;00h14m12s;11200.0;;;;;raw_irrigation_event.csv;
1374;22/09/2025;12:30;12:44;01:27;1.0;1.0;ESTUFA GRA.;4.0;Irradiação;2.7;3.0;9.0;5.6;00h14m12s;10800.0;;;;;raw_irrigation_event.csv;
1375;22/09/2025;13:54;14:08;01:24;1.0;1.0;ESTUFA GRA.;5.0;Irradiação;2.0;2.3;9.0;6.0;00h14m12s;11200.0;;;;;raw_irrigation_event.csv;
1376;22/09/2025;15:28;15:41;01:34;1.0;1.0;ESTUFA GRA.;6.0;Pontual;2.8;3.1;9.0;5.9;00h12m53s;10800.0;;;;;raw_irrigation_event.csv;
1377;22/09/2025;16:01;16:20;00:33;1.0;1.0;ESTUFA GRA.;7.0;Hora Fixa;2.8;3.0;9.0;5.9;00h18m52s;15800.0;;;;;raw_irrigation_event.csv;
1379;23/09/2025;08:19;08:40;16:18;1.0;1.0;ESTUFA GRA.;1.0;Hora Fixa;2.7;2.9;8.0;5.9;00h21m13s;17200.0;;;;;raw_irrigation_event.csv;
1380;23/09/2025;09:39;09:53;01:20;1.0;1.0;ESTUFA GRA.;2.0;Pontual;2.7;3.0;8.0;5.7;00h14m12s;11300.0;;;;;raw_irrigation_event.csv;
1381;23/09/2025;11:07;11:21;01:28;1.0;1.0;ESTUFA GRA.;3.0;Irradiação;2.7;3.0;9.0;5.6;00h14m12s;10900.0;;;;;raw_irrigation_event.csv;
1382;23/09/2025;12:42;12:56;01:35;1.0;1.0;ESTUFA GRA.;4.0;Irradiação;2.2;2.6;9.0;5.9;00h14m12s;10900.0;;;;;raw_irrigation_event.csv;
1383;23/09/2025;15:35;16:00;02:53;1.0;1.0;ESTUFA GRA.;5.0;Pontual;2.6;2.5;9.0;6.4;00h14m12s;6200.0;;;;;raw_irrigation_event.csv;
1384;23/09/2025;16:10;16:24;00:35;1.0;1.0;ESTUFA GRA.;6.0;Pontual;2.6;2.7;9.0;6.3;00h14m03s;4300.0;;;;;raw_irrigation_event.csv;
1386;24/09/2025;07:32;07:46;15:22;1.0;1.0;ESTUFA GRA.;1.0;Hora Fixa;2.6;2.9;8.0;5.9;00h14m12s;10300.0;;;;;raw_irrigation_event.csv;
1387;24/09/2025;10:48;11:03;03:16;1.0;1.0;ESTUFA GRA.;2.0;Irradiação;2.5;2.9;9.0;5.3;00h14m12s;10600.0;;;;;raw_irrigation_event.csv;
1388;24/09/2025;13:31;13:44;02:43;1.0;1.0;ESTUFA GRA.;3.0;Cíclico;1.5;1.9;9.0;6.2;00h12m53s;11000.0;;;;;raw_irrigation_event.csv;
1389;24/09/2025;15:31;15:52;02:00;1.0;1.0;ESTUFA GRA.;4.0;Hora Fixa;2.6;2.8;9.0;5.6;00h21m13s;17000.0;;;;;raw_irrigation_event.csv;
1391;25/09/2025;07:31;07:51;16:00;1.0;1.0;ESTUFA GRA.;1.0;Hora Fixa;2.6;2.8;8.0;5.9;00h19m54s;17500.0;;;;;raw_irrigation_event.csv;
1392;25/09/2025;09:15;09:29;01:44;1.0;1.0;ESTUFA GRA.;2.0;Irradiação;2.6;2.7;8.0;6.0;00h14m12s;10900.0;;;;;raw_irrigation_event.csv;
1393;25/09/2025;10:43;10:56;01:28;1.0;1.0;ESTUFA GRA.;3.0;Irradiação;2.6;2.8;9.0;5.8;00h12m53s;10700.0;;;;;raw_irrigation_event.csv;
1394;25/09/2025;12:01;12:14;01:18;1.0;1.0;ESTUFA GRA.;4.0;Irradiação;2.5;2.8;9.0;5.7;00h12m53s;11100.0;;;;;raw_irrigation_event.csv;
1395;25/09/2025;13:47;14:00;01:46;1.0;1.0;ESTUFA GRA.;5.0;Irradiação;2.4;2.6;9.0;6.0;00h12m53s;11100.0;;;;;raw_irrigation_event.csv;
1396;25/09/2025;15:31;15:51;01:44;1.0;1.0;ESTUFA GRA.;6.0;Hora Fixa;2.6;2.8;9.0;5.8;00h19m54s;18100.0;;;;;raw_irrigation_event.csv;
1398;26/09/2025;07:31;07:55;16:00;1.0;1.0;ESTUFA GRA.;1.0;Hora Fixa;2.6;2.8;8.0;5.9;00h19m54s;17600.0;;;;;raw_irrigation_event.csv;
1399;26/09/2025;09:24;09:38;01:53;1.0;1.0;ESTUFA GRA.;2.0;Irradiação;2.6;2.8;8.0;4.9;00h14m12s;11000.0;;;;;raw_irrigation_event.csv;
1400;26/09/2025;10:46;10:59;01:22;1.0;1.0;ESTUFA GRA.;3.0;Irradiação;2.6;3.0;9.0;5.2;00h12m53s;11100.0;;;;;raw_irrigation_event.csv;
1401;26/09/2025;12:03;12:16;01:17;1.0;1.0;ESTUFA GRA.;4.0;Irradiação;2.3;2.4;9.0;6.0;00h12m53s;11100.0;;;;;raw_irrigation_event.csv;
1402;26/09/2025;13:48;14:01;01:45;1.0;1.0;ESTUFA GRA.;5.0;Irradiação;2.6;2.7;9.0;5.8;00h12m53s;11000.0;;;;;raw_irrigation_event.csv;
1403;26/09/2025;15:31;15:51;01:43;1.0;1.0;ESTUFA GRA.;6.0;Hora Fixa;2.6;2.7;9.0;5.9;00h19m54s;17500.0;;;;;raw_irrigation_event.csv;
1405;27/09/2025;07:40;08:00;16:09;1.0;1.0;ESTUFA GRA.;1.0;Hora Fixa;2.6;2.8;8.0;5.8;00h19m54s;17800.0;;;;;raw_irrigation_event.csv;
1406;27/09/2025;09:34;09:48;01:54;1.0;1.0;ESTUFA GRA.;2.0;Irradiação;2.6;2.5;8.0;5.6;00h14m12s;11000.0;;;;;raw_irrigation_event.csv;
1407;27/09/2025;15:31;15:52;05:57;1.0;1.0;ESTUFA GRA.;3.0;Hora Fixa;2.6;2.7;9.0;6.1;00h21m13s;17300.0;;;;;raw_irrigation_event.csv;
1409;28/09/2025;07:31;07:51;16:00;1.0;1.0;ESTUFA GRA.;1.0;Hora Fixa;2.6;2.8;8.0;6.0;00h19m54s;17600.0;;;;;raw_irrigation_event.csv;
1410;28/09/2025;10:45;10:57;03:14;1.0;1.0;ESTUFA GRA.;2.0;Cíclico;2.6;2.9;9.0;5.9;00h12m53s;11300.0;;;;;raw_irrigation_event.csv;
1411;28/09/2025;13:15;13:27;02:30;1.0;1.0;ESTUFA GRA.;3.0;Cíclico;2.6;2.9;9.0;5.9;00h12m53s;11200.0;;;;;raw_irrigation_event.csv;
1413;29/09/2025;07:31;07:51;18:16;1.0;1.0;ESTUFA GRA.;1.0;Hora Fixa;2.6;2.8;8.0;6.1;00h19m54s;17300.0;;;;;raw_irrigation_event.csv;
1414;29/09/2025;10:45;10:59;03:14;1.0;1.0;ESTUFA GRA.;2.0;Cíclico;2.6;2.7;9.0;6.2;00h14m12s;11000.0;;;;;raw_irrigation_event.csv;
1415;29/09/2025;13:15;13:27;02:30;1.0;1.0;ESTUFA GRA.;3.0;Cíclico;2.6;2.8;9.0;6.0;00h12m53s;11200.0;;;;;raw_irrigation_event.csv;
1416;29/09/2025;15:11;15:31;01:56;1.0;1.0;ESTUFA GRA.;4.0;Hora Fixa;2.6;2.7;9.0;6.0;00h19m54s;17800.0;;;;;raw_irrigation_event.csv;
1418;30/09/2025;07:31;07:48;16:20;1.0;1.0;ESTUFA GRA.;1.0;Hora Fixa;2.6;2.7;8.0;6.0;00h17m42s;14400.0;;;;;raw_irrigation_event.csv;
1419;30/09/2025;10:13;10:26;02:42;1.0;1.0;ESTUFA GRA.;2.0;Manual;2.6;2.8;9.0;5.9;00h12m53s;11200.0;;;;;raw_irrigation_event.csv;
1420;30/09/2025;11:33;11:47;01:20;1.0;1.0;ESTUFA GRA.;3.0;Pontual;2.6;2.7;9.0;6.0;00h14m12s;11200.0;;;;;raw_irrigation_event.csv;
1421;30/09/2025;12:55;13:09;01:22;1.0;1.0;ESTUFA GRA.;4.0;Pontual;2.6;2.8;9.0;5.8;00h14m12s;11200.0;;;;;raw_irrigation_event.csv;
1422;30/09/2025;15:17;15:49;02:22;1.0;1.0;ESTUFA GRA.;5.0;Manual;2.6;2.9;9.0;6.1;00h12m53s;6200.0;;;;;raw_irrigation_event.csv;
1423;30/09/2025;16:02;16:16;00:45;1.0;1.0;ESTUFA GRA.;6.0;Pontual;2.6;3.1;9.0;6.3;00h14m03s;4100.0;;;;;raw_irrigation_event.csv;
1425;01/10/2025;07:31;07:45;15:29;1.0;1.0;ESTUFA GRA.;1.0;Hora Fixa;2.6;2.9;8.0;5.9;00h14m12s;9500.0;;;;;raw_irrigation_event.csv;
1426;01/10/2025;09:20;09:33;01:49;1.0;1.0;ESTUFA GRA.;2.0;Manual;2.6;3.0;8.0;5.8;00h13m16s;9900.0;;;;;raw_irrigation_event.csv;
1427;01/10/2025;10:54;11:07;01:34;1.0;1.0;ESTUFA GRA.;3.0;Irradiação;2.6;2.9;9.0;5.7;00h12m53s;10500.0;;;;;raw_irrigation_event.csv;
1428;01/10/2025;13:24;13:36;02:30;1.0;1.0;ESTUFA GRA.;4.0;Cíclico;2.6;2.8;9.0;5.9;00h12m53s;10900.0;;;;;raw_irrigation_event.csv;
1429;01/10/2025;15:11;15:24;01:47;1.0;1.0;ESTUFA GRA.;5.0;Hora Fixa;2.6;2.8;9.0;5.8;00h12m53s;10800.0;;;;;raw_irrigation_event.csv;
1431;02/10/2025;07:31;07:44;16:20;1.0;1.0;ESTUFA GRA.;1.0;Hora Fixa;2.5;2.7;8.0;5.9;00h12m53s;10700.0;;;;;raw_irrigation_event.csv;
1432;02/10/2025;10:25;10:38;02:54;1.0;1.0;ESTUFA GRA.;2.0;Cíclico;2.5;2.8;9.0;5.8;00h12m53s;11100.0;;;;;raw_irrigation_event.csv;
1433;02/10/2025;12:01;12:14;01:36;1.0;1.0;ESTUFA GRA.;3.0;Irradiação;2.0;2.1;9.0;6.2;00h12m53s;10900.0;;;;;raw_irrigation_event.csv;
1434;02/10/2025;13:44;13:57;01:43;1.0;1.0;ESTUFA GRA.;4.0;Irradiação;2.5;2.6;9.0;6.0;00h12m53s;10900.0;;;;;raw_irrigation_event.csv;
1435;02/10/2025;15:09;15:21;01:25;1.0;1.0;ESTUFA GRA.;5.0;Hora Fixa;2.5;2.7;9.0;6.0;00h12m53s;11000.0;;;;;raw_irrigation_event.csv;
1437;03/10/2025;08:40;08:53;17:31;1.0;1.0;ESTUFA GRA.;1.0;Hora Fixa;2.5;2.6;8.0;6.0;00h12m53s;11100.0;;;;;raw_irrigation_event.csv;
1438;03/10/2025;11:10;11:22;02:30;1.0;1.0;ESTUFA GRA.;2.0;Cíclico;2.5;2.7;9.0;5.9;00h12m53s;10900.0;;;;;raw_irrigation_event.csv;
1439;03/10/2025;12:25;12:38;01:15;1.0;1.0;ESTUFA GRA.;3.0;Irradiação;2.2;2.3;9.0;6.2;00h12m53s;11100.0;;;;;raw_irrigation_event.csv;
1440;03/10/2025;13:45;13:58;01:20;1.0;1.0;ESTUFA GRA.;4.0;Irradiação;2.2;2.3;9.0;6.1;00h12m53s;11100.0;;;;;raw_irrigation_event.csv;
1441;03/10/2025;15:09;15:21;01:24;1.0;1.0;ESTUFA GRA.;5.0;Hora Fixa;2.3;2.4;9.0;6.0;00h12m53s;11100.0;;;;;raw_irrigation_event.csv;
1443;04/10/2025;07:32;07:45;16:23;1.0;1.0;ESTUFA GRA.;1.0;Hora Fixa;2.5;2.8;8.0;5.8;00h12m53s;11100.0;;;;;raw_irrigation_event.csv;
1444;04/10/2025;10:25;10:37;02:53;1.0;1.0;ESTUFA GRA.;2.0;Cíclico;1.4;1.9;9.0;6.2;00h12m53s;11100.0;;;;;raw_irrigation_event.csv;
1445;04/10/2025;12:55;13:07;02:30;1.0;1.0;ESTUFA GRA.;3.0;Cíclico;2.5;2.7;9.0;6.0;00h12m53s;10900.0;;;;;raw_irrigation_event.csv;
1446;04/10/2025;15:09;15:21;02:14;1.0;1.0;ESTUFA GRA.;4.0;Hora Fixa;2.5;2.7;9.0;6.0;00h12m53s;11400.0;;;;;raw_irrigation_event.csv;
1448;05/10/2025;07:32;07:45;16:23;1.0;1.0;ESTUFA GRA.;1.0;Hora Fixa;2.5;2.7;8.0;6.0;00h12m53s;11200.0;;;;;raw_irrigation_event.csv;
1449;05/10/2025;10:25;10:37;02:53;1.0;1.0;ESTUFA GRA.;2.0;Cíclico;2.5;2.7;9.0;6.0;00h12m53s;11300.0;;;;;raw_irrigation_event.csv;
1450;05/10/2025;12:55;13:07;02:30;1.0;1.0;ESTUFA GRA.;3.0;Cíclico;2.5;2.7;9.0;6.0;00h12m53s;11000.0;;;;;raw_irrigation_event.csv;
1451;05/10/2025;15:09;15:21;02:14;1.0;1.0;ESTUFA GRA.;4.0;Hora Fixa;2.5;2.6;9.0;6.1;00h12m53s;11200.0;;;;;raw_irrigation_event.csv;
1453;06/10/2025;07:31;08:14;16:22;1.0;1.0;ESTUFA GRA.;1.0;Hora Fixa;2.5;;8.0;;00h00m03s;;;;;;raw_irrigation_event.csv;
1454;06/10/2025;08:14;08:27;00:43;1.0;1.0;ESTUFA GRA.;2.0;Manual;2.5;2.7;8.0;6.0;00h12m53s;11400.0;;;;;raw_irrigation_event.csv;
1455;06/10/2025;09:14;09:26;01:00;1.0;1.0;ESTUFA GRA.;3.0;Irradiação;2.5;2.7;8.0;6.0;00h12m53s;11000.0;;;;;raw_irrigation_event.csv;
1456;06/10/2025;10:53;11:06;01:39;1.0;1.0;ESTUFA GRA.;4.0;Irradiação;2.6;2.8;9.0;5.9;00h12m53s;12000.0;;;;;raw_irrigation_event.csv;
1457;06/10/2025;12:47;13:05;01:54;1.0;1.0;ESTUFA GRA.;5.0;Manual;2.5;2.7;9.0;6.0;00h12m53s;11400.0;;;;;raw_irrigation_event.csv;
1458;06/10/2025;13:58;14:11;01:11;1.0;1.0;ESTUFA GRA.;6.0;Manual;2.6;2.9;9.0;5.8;00h12m53s;11100.0;;;;;raw_irrigation_event.csv;
1459;06/10/2025;15:09;15:23;01:11;1.0;1.0;ESTUFA GRA.;7.0;Hora Fixa;2.6;2.7;9.0;6.0;00h14m12s;11000.0;;;;;raw_irrigation_event.csv;
1461;07/10/2025;07:32;08:59;16:23;1.0;1.0;ESTUFA GRA.;1.0;Hora Fixa;2.6;2.7;8.0;6.1;00h12m53s;11300.0;;;;;raw_irrigation_event.csv;
1462;07/10/2025;10:25;10:37;02:53;1.0;1.0;ESTUFA GRA.;2.0;Cíclico;2.6;2.8;9.0;5.9;00h12m53s;11400.0;;;;;raw_irrigation_event.csv;
1463;07/10/2025;12:55;13:07;02:30;1.0;1.0;ESTUFA GRA.;3.0;Cíclico;2.6;3.1;9.0;4.5;00h12m53s;11400.0;;;;;raw_irrigation_event.csv;
1464;07/10/2025;15:17;15:35;02:22;1.0;1.0;ESTUFA GRA.;4.0;Manual;2.6;6.6;9.0;4.0;00h01m03s;;;;;;raw_irrigation_event.csv;
1465;07/10/2025;15:36;15:49;00:19;1.0;1.0;ESTUFA GRA.;5.0;Pontual;2.6;2.4;9.0;5.0;00h12m44s;4300.0;;;;;raw_irrigation_event.csv;
1466;07/10/2025;15:59;16:13;00:23;1.0;1.0;ESTUFA GRA.;6.0;Pontual;2.6;1.9;9.0;5.8;00h14m12s;6300.0;;;;;raw_irrigation_event.csv;
1468;08/10/2025;11:01;11:15;19:02;1.0;1.0;ESTUFA GRA.;1.0;Cíclico;2.6;2.9;9.0;6.1;00h14m12s;9700.0;;;;;raw_irrigation_event.csv;
1469;08/10/2025;13:31;13:43;02:30;1.0;1.0;ESTUFA GRA.;2.0;Cíclico;2.6;2.9;9.0;5.5;00h12m53s;10500.0;;;;;raw_irrigation_event.csv;
1471;09/10/2025;08:46;08:59;19:15;1.0;1.0;ESTUFA GRA.;1.0;Manual;2.6;3.1;8.0;5.3;00h12m53s;10800.0;;;;;raw_irrigation_event.csv;
1472;09/10/2025;11:16;11:28;02:30;1.0;1.0;ESTUFA GRA.;2.0;Cíclico;2.6;3.1;9.0;4.3;00h12m53s;10800.0;;;;;raw_irrigation_event.csv;
1473;09/10/2025;13:47;14:00;02:31;1.0;1.0;ESTUFA GRA.;3.0;Cíclico;2.5;3.0;9.0;4.3;00h12m53s;11100.0;;;;;raw_irrigation_event.csv;
1475;10/10/2025;08:15;08:28;18:28;1.0;1.0;ESTUFA GRA.;1.0;Hora Fixa;2.5;2.9;8.0;5.7;00h12m53s;11100.0;;;;;raw_irrigation_event.csv;
1476;10/10/2025;09:19;09:32;01:04;1.0;1.0;ESTUFA GRA.;2.0;Irradiação;2.5;3.1;8.0;5.2;00h12m53s;11000.0;;;;;raw_irrigation_event.csv;
1477;10/10/2025;11:15;11:28;01:56;1.0;1.0;ESTUFA GRA.;3.0;Irradiação;2.5;3.1;9.0;5.5;00h12m53s;10800.0;;;;;raw_irrigation_event.csv;
1478;10/10/2025;13:00;13:13;01:45;1.0;1.0;ESTUFA GRA.;4.0;Manual;2.5;3.0;9.0;5.5;00h12m53s;11000.0;;;;;raw_irrigation_event.csv;
1479;10/10/2025;15:02;15:15;02:02;1.0;1.0;ESTUFA GRA.;5.0;Hora Fixa;2.5;2.9;9.0;5.0;00h12m53s;11300.0;;;;;raw_irrigation_event.csv;
1481;11/10/2025;07:42;07:55;16:40;1.0;1.0;ESTUFA GRA.;1.0;Hora Fixa;2.5;2.9;8.0;5.6;00h12m53s;11400.0;;;;;raw_irrigation_event.csv;
1482;11/10/2025;09:12;09:25;01:30;1.0;1.0;ESTUFA GRA.;2.0;Irradiação;2.5;3.0;8.0;5.2;00h12m53s;11500.0;;;;;raw_irrigation_event.csv;
1483;11/10/2025;10:59;11:12;01:47;1.0;1.0;ESTUFA GRA.;3.0;Irradiação;2.5;2.9;9.0;5.3;00h12m53s;10900.0;;;;;raw_irrigation_event.csv;
1484;11/10/2025;12:58;13:11;01:59;1.0;1.0;ESTUFA GRA.;4.0;Irradiação;2.5;2.7;9.0;5.8;00h12m53s;11200.0;;;;;raw_irrigation_event.csv;
1485;11/10/2025;15:00;15:12;02:02;1.0;1.0;ESTUFA GRA.;5.0;Hora Fixa;2.5;2.9;9.0;5.4;00h12m53s;11100.0;;;;;raw_irrigation_event.csv;
1487;12/10/2025;07:42;07:55;16:42;1.0;1.0;ESTUFA GRA.;1.0;Hora Fixa;2.5;2.8;8.0;5.9;00h12m53s;10800.0;;;;;raw_irrigation_event.csv;
1488;12/10/2025;09:11;09:24;01:29;1.0;1.0;ESTUFA GRA.;2.0;Irradiação;2.5;3.0;8.0;5.3;00h12m53s;11300.0;;;;;raw_irrigation_event.csv;
1489;12/10/2025;11:28;11:41;02:17;1.0;1.0;ESTUFA GRA.;3.0;Irradiação;1.9;2.2;9.0;5.5;00h12m53s;11200.0;;;;;raw_irrigation_event.csv;
1490;12/10/2025;13:58;14:10;02:30;1.0;1.0;ESTUFA GRA.;4.0;Cíclico;2.5;3.0;9.0;5.4;00h12m53s;11200.0;;;;;raw_irrigation_event.csv;
1491;12/10/2025;15:00;15:14;01:02;1.0;1.0;ESTUFA GRA.;5.0;Hora Fixa;2.5;2.6;9.0;6.1;00h14m12s;11200.0;;;;;raw_irrigation_event.csv;
1493;13/10/2025;07:42;07:55;16:42;1.0;1.0;ESTUFA GRA.;1.0;Hora Fixa;2.5;2.9;8.0;5.8;00h12m53s;11500.0;;;;;raw_irrigation_event.csv;
1494;13/10/2025;09:16;09:29;01:34;1.0;1.0;ESTUFA GRA.;2.0;Irradiação;2.5;3.0;8.0;5.6;00h12m53s;11200.0;;;;;raw_irrigation_event.csv;
1495;13/10/2025;11:19;11:33;02:03;1.0;1.0;ESTUFA GRA.;3.0;Irradiação;2.5;2.6;9.0;6.0;00h14m12s;11200.0;;;;;raw_irrigation_event.csv;
1496;13/10/2025;13:49;14:03;02:30;1.0;1.0;ESTUFA GRA.;4.0;Cíclico;2.5;2.8;9.0;6.1;00h14m12s;11800.0;;;;;raw_irrigation_event.csv;
1497;13/10/2025;15:00;15:12;01:11;1.0;1.0;ESTUFA GRA.;5.0;Hora Fixa;2.5;2.7;9.0;6.0;00h12m53s;11800.0;;;;;raw_irrigation_event.csv;
1499;14/10/2025;07:42;08:00;16:42;1.0;1.0;ESTUFA GRA.;1.0;Hora Fixa;2.5;2.8;8.0;6.1;00h17m33s;16300.0;;;;;raw_irrigation_event.csv;
1500;14/10/2025;09:18;09:31;01:36;1.0;1.0;ESTUFA GRA.;2.0;Irradiação;2.5;2.7;8.0;6.0;00h12m53s;11800.0;;;;;raw_irrigation_event.csv;
1501;14/10/2025;11:06;11:19;01:48;1.0;1.0;ESTUFA GRA.;3.0;Irradiação;2.5;2.9;9.0;5.6;00h12m53s;11600.0;;;;;raw_irrigation_event.csv;
1502;14/10/2025;12:26;12:39;01:20;1.0;1.0;ESTUFA GRA.;4.0;Manual;2.5;2.9;9.0;5.6;00h12m53s;10800.0;;;;;raw_irrigation_event.csv;
1503;14/10/2025;13:59;14:11;01:33;1.0;1.0;ESTUFA GRA.;5.0;Manual;2.5;2.7;9.0;6.0;00h12m53s;11100.0;;;;;raw_irrigation_event.csv;
1504;14/10/2025;16:01;16:14;02:02;1.0;1.0;ESTUFA GRA.;6.0;Manual;2.5;2.1;9.0;6.4;00h12m53s;6500.0;;;;;raw_irrigation_event.csv;
1505;14/10/2025;16:24;16:38;00:23;1.0;1.0;ESTUFA GRA.;7.0;Manual;2.5;1.9;9.0;6.4;00h14m12s;4400.0;;;;;raw_irrigation_event.csv;
1507;15/10/2025;08:43;08:57;16:19;1.0;1.0;ESTUFA GRA.;1.0;Manual;2.5;2.8;8.0;6.2;00h14m12s;9500.0;;;;;raw_irrigation_event.csv;
1508;15/10/2025;10:54;11:06;02:11;1.0;1.0;ESTUFA GRA.;2.0;Irradiação;2.5;2.9;9.0;5.9;00h12m53s;10600.0;;;;;raw_irrigation_event.csv;
1509;15/10/2025;13:24;13:36;02:30;1.0;1.0;ESTUFA GRA.;3.0;Cíclico;2.5;2.7;9.0;5.9;00h12m53s;10800.0;;;;;raw_irrigation_event.csv;
1510;15/10/2025;15:00;15:12;01:36;1.0;1.0;ESTUFA GRA.;4.0;Hora Fixa;2.5;2.8;9.0;5.7;00h12m53s;11000.0;;;;;raw_irrigation_event.csv;
1512;16/10/2025;07:42;07:55;16:42;1.0;1.0;ESTUFA GRA.;1.0;Hora Fixa;2.5;2.7;8.0;5.5;00h12m53s;10900.0;;;;;raw_irrigation_event.csv;
1513;16/10/2025;09:59;10:12;02:17;1.0;1.0;ESTUFA GRA.;2.0;Pontual;2.5;2.5;9.0;5.4;00h12m53s;11300.0;;;;;raw_irrigation_event.csv;
1514;16/10/2025;11:23;11:36;01:24;1.0;1.0;ESTUFA GRA.;3.0;Manual;2.5;2.8;9.0;5.4;00h12m53s;11100.0;;;;;raw_irrigation_event.csv;
1515;16/10/2025;13:53;14:05;02:30;1.0;1.0;ESTUFA GRA.;4.0;Cíclico;2.5;3.0;9.0;4.4;00h12m53s;11200.0;;;;;raw_irrigation_event.csv;
1516;16/10/2025;15:00;15:14;01:07;1.0;1.0;ESTUFA GRA.;5.0;Hora Fixa;2.5;2.5;9.0;5.7;00h14m12s;11200.0;;;;;raw_irrigation_event.csv;
1518;17/10/2025;09:01;09:19;18:01;1.0;1.0;ESTUFA GRA.;1.0;Hora Fixa;2.5;2.7;8.0;5.7;00h17m33s;15600.0;;;;;raw_irrigation_event.csv;
1519;17/10/2025;11:03;11:16;02:02;1.0;1.0;ESTUFA GRA.;2.0;Irradiação;2.5;2.7;9.0;5.9;00h12m53s;11400.0;;;;;raw_irrigation_event.csv;
1520;17/10/2025;13:33;13:47;02:30;1.0;1.0;ESTUFA GRA.;3.0;Cíclico;2.5;2.6;9.0;6.1;00h14m12s;11400.0;;;;;raw_irrigation_event.csv;
1521;17/10/2025;15:00;15:18;01:27;1.0;1.0;ESTUFA GRA.;4.0;Hora Fixa;2.5;2.7;9.0;5.9;00h18m52s;15300.0;;;;;raw_irrigation_event.csv;
1523;18/10/2025;09:06;09:25;18:06;1.0;1.0;ESTUFA GRA.;1.0;Hora Fixa;2.5;2.6;8.0;6.0;00h18m52s;15800.0;;;;;raw_irrigation_event.csv;
1524;18/10/2025;11:03;11:16;01:57;1.0;1.0;ESTUFA GRA.;2.0;Irradiação;2.5;2.7;9.0;5.8;00h12m53s;11100.0;;;;;raw_irrigation_event.csv;
1525;18/10/2025;13:25;13:39;02:22;1.0;1.0;ESTUFA GRA.;3.0;Manual;2.3;2.4;9.0;6.1;00h14m12s;11300.0;;;;;raw_irrigation_event.csv;
1526;18/10/2025;14:45;14:57;01:20;1.0;1.0;ESTUFA GRA.;4.0;Hora Fixa;2.6;3.3;9.0;3.9;00h12m53s;11200.0;;;;;raw_irrigation_event.csv;
1528;19/10/2025;09:00;09:17;18:15;1.0;1.0;ESTUFA GRA.;1.0;Hora Fixa;2.6;2.8;8.0;6.0;00h17m33s;15900.0;;;;;raw_irrigation_event.csv;
1529;19/10/2025;11:30;11:44;02:30;1.0;1.0;ESTUFA GRA.;2.0;Cíclico;2.6;2.7;9.0;6.1;00h14m12s;11300.0;;;;;raw_irrigation_event.csv;
1530;19/10/2025;14:45;14:57;03:15;1.0;1.0;ESTUFA GRA.;3.0;Hora Fixa;2.6;3.0;9.0;5.5;00h12m53s;11400.0;;;;;raw_irrigation_event.csv;
1532;20/10/2025;09:00;09:17;18:15;1.0;1.0;ESTUFA GRA.;1.0;Hora Fixa;2.9;3.1;8.0;6.1;00h17m33s;16000.0;;;;;raw_irrigation_event.csv;
1533;20/10/2025;10:15;10:15;01:15;1.0;1.0;ESTUFA GRA.;2.0;Manual;2.7;;9.0;;00h00m00s;;;;;;raw_irrigation_event.csv;
1534;20/10/2025;11:27;11:42;01:12;1.0;1.0;ESTUFA GRA.;3.0;Manual;2.6;2.8;9.0;6.1;00h14m12s;11600.0;;;;;raw_irrigation_event.csv;
1535;20/10/2025;14:27;14:40;03:00;1.0;1.0;ESTUFA GRA.;4.0;Irradiação;1.6;1.9;9.0;6.5;00h12m53s;11500.0;;;;;raw_irrigation_event.csv;
1536;20/10/2025;14:54;15:07;00:27;1.0;1.0;ESTUFA GRA.;5.0;Hora Fixa;1.6;1.8;9.0;6.6;00h12m53s;11600.0;;;;;raw_irrigation_event.csv;
1538;21/10/2025;09:25;09:43;18:31;1.0;1.0;ESTUFA GRA.;1.0;Hora Fixa;3.3;3.4;8.0;6.0;00h18m52s;15600.0;;;;;raw_irrigation_event.csv;
1540;22/10/2025;08:51;09:13;23:26;1.0;1.0;ESTUFA GRA.;1.0;Manual;3.0;1.9;8.0;6.5;00h13m05s;6300.0;;;;;raw_irrigation_event.csv;
1541;22/10/2025;09:13;09:29;00:22;1.0;1.0;ESTUFA GRA.;2.0;Pontual;3.0;1.9;8.0;6.6;00h13m59s;4400.0;;;;;raw_irrigation_event.csv;
1543;23/10/2025;11:25;11:43;+1d 02:12;1.0;1.0;ESTUFA GRA.;1.0;Hora Fixa;3.5;3.8;9.0;6.0;00h18m52s;14700.0;;;;;raw_irrigation_event.csv;
1545;24/10/2025;12:08;12:27;+1d 00:43;1.0;1.0;ESTUFA GRA.;1.0;Hora Fixa;3.0;3.3;9.0;6.1;00h18m52s;15000.0;;;;;raw_irrigation_event.csv;
1547;25/10/2025;12:08;12:26;+1d 00:00;1.0;1.0;ESTUFA GRA.;1.0;Hora Fixa;3.0;3.3;9.0;6.0;00h18m52s;15500.0;;;;;raw_irrigation_event.csv;
1549;26/10/2025;09:18;09:32;21:10;1.0;1.0;ESTUFA GRA.;1.0;Pontual;3.0;3.2;8.0;5.9;00h14m12s;11400.0;;;;;raw_irrigation_event.csv;
1550;26/10/2025;10:21;10:35;01:03;1.0;1.0;ESTUFA GRA.;2.0;Pontual;3.0;3.3;9.0;5.5;00h14m12s;11200.0;;;;;raw_irrigation_event.csv;
1551;26/10/2025;11:38;11:53;01:17;1.0;1.0;ESTUFA GRA.;3.0;Irradiação;3.0;3.3;9.0;5.5;00h14m12s;11200.0;;;;;raw_irrigation_event.csv;
1552;26/10/2025;12:08;12:26;00:30;1.0;1.0;ESTUFA GRA.;4.0;Hora Fixa;3.0;3.4;9.0;5.0;00h18m52s;15500.0;;;;;raw_irrigation_event.csv;
1553;26/10/2025;14:09;14:22;02:01;1.0;1.0;ESTUFA GRA.;5.0;Manual;3.0;3.2;9.0;5.5;00h12m53s;10900.0;;;;;raw_irrigation_event.csv;
1555;27/10/2025;09:53;10:03;19:44;1.0;1.0;ESTUFA GRA.;1.0;Pontual;3.0;2.9;9.0;5.6;00h10m10s;5200.0;;;;;raw_irrigation_event.csv;
1556;27/10/2025;11:20;11:34;01:27;1.0;1.0;ESTUFA GRA.;2.0;Irradiação;3.0;2.9;9.0;5.4;00h14m12s;7300.0;;;;;raw_irrigation_event.csv;
1557;27/10/2025;12:21;12:40;01:01;1.0;1.0;ESTUFA GRA.;3.0;Hora Fixa;3.0;3.3;9.0;4.3;00h18m52s;10400.0;;;;;raw_irrigation_event.csv;
1558;27/10/2025;13:46;13:58;01:25;1.0;1.0;ESTUFA GRA.;4.0;Pontual;3.0;3.0;9.0;4.8;00h12m53s;7400.0;;;;;raw_irrigation_event.csv;
1559;27/10/2025;14:13;14:38;00:27;1.0;1.0;ESTUFA GRA.;5.0;Pontual;3.0;2.0;9.0;5.3;00h01m50s;;;;;;raw_irrigation_event.csv;
1560;27/10/2025;14:37;14:52;00:24;1.0;1.0;ESTUFA GRA.;6.0;Pontual;3.0;4.7;9.0;3.4;00h14m03s;4500.0;;;;;raw_irrigation_event.csv;
1561;27/10/2025;14:52;15:07;00:14;1.0;1.0;ESTUFA GRA.;7.0;Pontual;3.0;4.3;9.0;3.2;00h14m03s;4400.0;;;;;raw_irrigation_event.csv;
1563;28/10/2025;09:50;09:50;18:58;1.0;1.0;ESTUFA GRA.;1.0;Manual;3.0;;9.0;;00h00m00s;;;;;;raw_irrigation_event.csv;
1564;28/10/2025;12:11;12:20;02:21;1.0;1.0;ESTUFA GRA.;2.0;Hora Fixa;3.0;3.6;9.0;5.9;00h09m00s;2800.0;;;;;raw_irrigation_event.csv;
1565;28/10/2025;12:20;12:22;00:00;1.0;1.0;ESTUFA GRA.;4.0;Pontual;3.0;4.6;9.0;5.5;00h01m02s;;;;;;raw_irrigation_event.csv;
1566;28/10/2025;12:21;12:21;00:10;1.0;1.0;ESTUFA GRA.;3.0;Manual;3.0;;9.0;;00h00m00s;;;;;;raw_irrigation_event.csv;
1567;28/10/2025;12:22;12:35;00:01;1.0;1.0;ESTUFA GRA.;5.0;Pontual;3.0;3.1;9.0;5.5;00h12m53s;11900.0;;;;;raw_irrigation_event.csv;
1569;29/10/2025;11:32;12:03;23:10;1.0;1.0;ESTUFA GRA.;1.0;Manual;3.0;1.9;9.0;6.5;00h14m12s;10900.0;;;;;raw_irrigation_event.csv;
1571;30/10/2025;10:16;10:34;22:44;1.0;1.0;ESTUFA GRA.;1.0;Hora Fixa;3.0;3.0;9.0;5.8;00h18m52s;14700.0;;;;;raw_irrigation_event.csv;
1573;31/10/2025;10:24;10:41;+1d 00:08;1.0;1.0;ESTUFA GRA.;1.0;Hora Fixa;3.0;3.2;9.0;5.6;00h17m33s;15300.0;;;;;raw_irrigation_event.csv;
1576;02/11/2025;09:24;09:42;+1d 23:00;1.0;1.0;ESTUFA GRA.;1.0;Hora Fixa;3.0;3.2;8.0;5.3;00h17m33s;15700.0;;;;;raw_irrigation_event.csv;
1577;02/11/2025;10:45;10:59;01:21;1.0;1.0;ESTUFA GRA.;2.0;Irradiação;3.0;3.3;9.0;5.1;00h14m12s;11200.0;;;;;raw_irrigation_event.csv;
1578;02/11/2025;12:41;12:55;01:56;1.0;1.0;ESTUFA GRA.;3.0;Irradiação;3.0;3.1;9.0;4.2;00h14m12s;11200.0;;;;;raw_irrigation_event.csv;
1580;03/11/2025;08:59;09:18;20:18;1.0;1.0;ESTUFA GRA.;1.0;Hora Fixa;3.0;3.4;8.0;4.5;00h18m52s;15900.0;;;;;raw_irrigation_event.csv;
1581;03/11/2025;11:01;11:15;02:02;1.0;1.0;ESTUFA GRA.;2.0;Irradiação;3.0;3.4;9.0;4.3;00h14m12s;11300.0;;;;;raw_irrigation_event.csv;
1582;03/11/2025;12:58;13:12;01:57;1.0;1.0;ESTUFA GRA.;3.0;Irradiação;3.0;3.4;9.0;4.3;00h14m12s;11400.0;;;;;raw_irrigation_event.csv;
1584;04/11/2025;11:27;11:49;22:29;1.0;1.0;ESTUFA GRA.;1.0;Hora Fixa;3.0;2.0;9.0;6.1;00h18m52s;14600.0;;;;;raw_irrigation_event.csv;
1585;04/11/2025;13:01;13:01;01:34;1.0;1.0;ESTUFA GRA.;2.0;Manual;3.0;;9.0;;00h00m00s;;;;;;raw_irrigation_event.csv;
1588;06/11/2025;09:01;09:18;+1d 20:00;1.0;1.0;ESTUFA GRA.;1.0;Hora Fixa;3.0;3.4;8.0;4.6;00h17m33s;14300.0;;;;;raw_irrigation_event.csv;
1589;06/11/2025;11:39;11:53;02:38;1.0;1.0;ESTUFA GRA.;2.0;Irradiação;3.0;3.4;9.0;4.5;00h14m12s;10600.0;;;;;raw_irrigation_event.csv;
